Workbook
Name d: #REF!
Name DDD: #REF!
Name delete1: #REF!
Name GDSGSDG: #REF!
Name ghhghg: #REF!
Name gsg: #REF!
Name Hello: #REF!
Name heloo: #REF!
Name new: #REF!
Name oc: #REF!
Name Ordnance: #REF!
Name te_table: #REF!
Name UIC_HQ: '14312'!$C$43
Name UIC_HS: '14312'!$C$89
Name x: #REF!
Name _17120Ne: #REF!
Name _17120new: #REF!
Name _17945: #REF!
Name _21451_UIC: #REF!
Name _21451New: #REF!
Name _21451NewTab: #REF!
Name _2145NEW: #REF!
Name _lAQUETTAaRMORY: #REF!
Name _MY: #REF!
Name a: #REF!
Name Amroy: #REF!
Name CostCode: #REF!
Name d: #REF!
Name dd: #REF!
Name DDD: #REF!
Name delete1: #REF!
Name GDSGSDG: #REF!
Name gfhgfhgf: #REF!
Name ghgghhg: #REF!
Name ghhghg: #REF!
Name gsg: #REF!
Name Hello: #REF!
Name HELLO1: #REF!
Name heloo: #REF!
Name IN_ins: #REF!
Name mt: #REF!
Name new: #REF!
Name oc: #REF!
Name Ordnance: #REF!
Name TE_2: #REF!
Name TE_3: #REF!
Name TE_orignial: #REF!
Name te_table: #REF!
Name UIC_HQ: '[2]14312'!$C$50
Name UIC_HS: '[2]14312'!$C$96
Name x: #REF!
Name d: #REF!
Name DDD: #REF!
Name delete1: #REF!
Name GDSGSDG: #REF!
Name ghhghg: #REF!
Name gsg: #REF!
Name Hello: #REF!
Name heloo: #REF!
Name M12301_: #N/A

Sheet UNIT_ROLLUP
A1: BASIC FACILITY REQUIREMENTS UNIT ROLLUP
A3: Installation: | F3: H&S BN MCIPAC MCB CP BUTLER JA | M3: Tenant: | R3: 3D MEDICAL BATTALION
A4: Installation UIC: | F4: M67400 | M4: Tenant UIC: | R4: M13020 | Y4: Planning Area: | AE4: FO
E7: Facilities measured in SF
E8: CCN | H8: Description | W8: Required Area
E9: 14345 | H9: Armory | W9: ='14345'!H40
E10: 17110 | H10: Academic Instruction Building | W10: ='17110'!H40
E11: 17120 | H11: Applied Instruction Building | W11: ='17120'!H40
E12: 44112 | H12: Storage of Air or Ground Organic Units - USMC | W12: ='44112'!H40
E13: 61072 | H13: Battalion /Squadron Headquarters, Marine Corps | W13: ='61072'!H40
E14: 61073 | H14: Company/Battery Headquarters, Marine Corps | W14: ='61073'!H40
E15: 14312 | H15: Operational Vehicle Laydown Area | W15: ='14312'!H36
E16: 21451 | H16: Automotive Organizational Shop | W16: ='21451'!H44
E17: 21710 | H17: Electronics/Communications Maintenance Shop | W17: ='21710'!H47
E18: 45110 | H18: Open Storage Area | W18: ='45110'!H50
R19: Total = | W19: =SUM(W9:AA18)
A40: TOTAL REQUIREMENT: | H40: =W15 | L40: GSF | AB40: Page | AD40: 1 | AE40: of | AF40: 1

Sheet MISSION STATEMENT
A1: *** UNCLASSIFIED // FOR OFFICIAL USE ONLY ***
B2: United States Marine Corps | R2: ='MISSION STATEMENT'!B6+'MISSION STATEMENT'!L200
B3: Total Force Structure Management System
B4: Unit TO&E Report
B6: H&S CO 3D MED BN 3D MLG
B7: UNIT 38445
B9: FPO, AP 963734500
B10: Country: JP
B11: UIC: M28261
A13: Source: | B13: Published
A14: Structure Data current as of: | B14: 02/27/2023
A15: Equipment Data Current as of: | B15: 45034.948
A18: Report Fiscal Year: | B18: 2029
A19: Manning Precedence Level: | B19: OPFOR
A20: Military Unit Level Code: | B20: HQS
A22: Unit Descriptor Code: | B22: T
A23: Unit Type Code: | B23: FWQAB
A24: SASSY AAC: | B24: SASSY M28260
B25: LONG TERM STORAGE -- DATA CONVERSION INITIAL ACCOUNT
A26: MEF Code: | B26: C
A27: Type Support Code: | B27: C
A30: MISSION STATEMENT
A31: SIGNED AS OF FEB 3, 2021 UNIT IDENTIFICATION CODE...SEE ENCL (1) HEADQUARTERS AND SERVICE COMPANY MEDICAL BATTALION SUBJ: MISSION STATEMENT 1. Promulgation Statement. This is the Headquarters and Service Company (H&S Co), Medical Battalion (Med Bn), Marine Logistics Group (MLG) Mission Statement. This Mission Statement defines the unit?s role and responsibilities in support of the MAGTF, the SE, and/or Joint Operations and prescribes the unit's organizational structure and capabilities in accordance with its tasks that manifests in the unit?s table of organization and equipment (T/O&E). 2. Organization Headquarters Command Staff Company Headquarters Section Combat Stress Platoon Pharmacy Platoon Surgical Platoon 1 Surgical Platoon 2 3. Mission and Tasks a. Mission. Provide general Role 2 health service support to the Marine Expeditionary Force (MEF) and command, control, and command support functions for Med Bn, MLG. b. Tasks (1) MCT 4.5.3 Conduct Casualty Treatment. (2) MCT 4.5.4 Conduct Temporary Casualty Holding. (3) MCT 4.5.5 Conduct Casualty Evacuation. (4) MCT 4.5.8 Conduct Medical Regulating. 4. Concept of Organization. The company is organized to plan, coordinate, and supervise the command support functions for the battalion, and to provide general Role 2 health services support to the MEF. It is structured to facilitate task organization for operations conducted by the battalion in support of the MEF or smaller Marine Air Ground Task Force (MAGTF). 5. Concept of Employment. The company is employed with the battalion to provide command and control, facilities administrative support, and health services support. Detachments from the company headquarters, sections, and platoons may be assigned to provide support and/or augment adjacent companies. a. Maneuver. Not applicable. b. Intelligence. Intelligence support and products are provided by MLG Headquarters. c. Fires. Organic firepower is limited to individual and crew-served weapons for personal security and for defense of medical health care services installations per applicable international law, which defines company personnel as personnel employed in the administration of health care treatment facilities. d. Logistics. The company provides health services support and serves as an emergency resupply source for medical health care services materiel for supported medical health care services units. e. Command and Control. The Company Commander directs and controls command support functions relating to operations, administration, and tactical logistics for the company. f. Force Protection. The company has limited organic security capability. 6. Administrative Capabilities. The company is capable of self-administration, to include personnel administration for all assigned personnel. 7. Logistics Capabilities a. Maintenance. The company is capable of organic field-level maintenance. Field-level maintenance for medical equipment beyond organic capability, to include maintaining the authorized medical allowance list, is provided by Medical Logistics Company, Supply Battalion, MLG. b. Supply. The company is capable of organic supply support. Medical Logistics Company, Supply Battalion, MLG, provides Class VIII supply support. c. Transportation. The company is capable of organic transportation support for command and administrative purposes. d. General Engineering. The company is capable of organic mobile electric power generation and distribution. Additional engineering support is provided by Engineer Support Battalion, MLG. e. Health Services. The company is capable of organic Role 1 and 2 health care capabilities. Dental health care services are provided by Dental Battalion, MLG. f. Services. Services support is provided by Service Company, CLR x7, MLG. Food service support is provided by Food Service Company, CLR x7, MLG. 8. Command and Signal a. Command Relationships. The Company Commander reports to the Med Bn Commander. b. Communications and Information Systems. Communications support is provided by Communications Company, CLR x7, MLG. 9. Supersession. This Mission Statement supersedes the previous Mission Statement of 20 June 2017 and is effective upon receipt. ERIC M. SMITH Deputy Commandant for Combat Development and Integration
A98: 45035
A101: *** UNCLASSIFIED // FOR OFFICIAL USE ONLY ***
B102: United States Marine Corps
B103: Total Force Structure Management System
B104: Unit TO&E Report
B106: SURG CO A 3D MED BN 3D MLG
B107: UNIT 38448
B109: FPO, AP 966048448
B110: Country: JP
B111: UIC: M28263
A113: Source: | B113: Published
A114: Structure Data current as of: | B114: 02/27/2023
A115: Equipment Data Current as of: | B115: 45034.948
A118: Report Fiscal Year: | B118: 2029
A119: Manning Precedence Level: | B119: OPFOR
A120: Military Unit Level Code: | B120: CO
A122: Unit Descriptor Code: | B122: T
A123: Unit Type Code: | B123: FWQBB
A124: SASSY AAC: | B124: SASSY M28260
B125: LONG TERM STORAGE -- DATA CONVERSION INITIAL ACCOUNT
A126: MEF Code: | B126: C
A127: Type Support Code: | B127: C
A129: MISSION STATEMENT
A130: Signed as of FEB 3, 2021 UNIT IDENTIFICATION CODE...SEE ENCL (1) SURGICAL COMPANY MEDICAL BATTALION SUBJ: MISSION STATEMENT 1. Promulgation Statement. This is the Surgical Company (Surg Co), Medical Battalion (Med Bn), Marine Logistics Group (MLG) Mission Statement. This Mission Statement defines the unit?s role and responsibilities in support of the MAGTF, the SE, and/or Joint Operations and prescribes the unit's organizational structure and capabilities in accordance with its tasks that manifests in the unit?s table of organization and equipment (T/O&E). 2. Organization Headquarters Platoon Ambulance Platoon Surgical Platoon 1 Surgical Platoon 2 Surgical Platoon 3 3. Mission and Tasks a. Mission. Provide Role 2 health service support to the infantry regiment, as part of the Combat Logistics Battalion (CLB) including temporary casualty holding and casualty evacuation support. b. Tasks (1) MCT 4.5.3 Conduct Casualty Treatment. (2) MCT 4.5.4 Conduct Temporary Casualty Holding. (3) MCT 4.5.5 Conduct Casualty Evacuation. (4) MCT 4.5.8 Conduct Medical Regulating. 4. Concept of Organization. The company is organized to plan, coordinate, and conduct health services support for the infantry regiment. It is under the tactical control of a CLB within Combat Logistics Regiment x7 (CLR x7), MLG, and may be task-organized to provide mobile health services support to sub-elements of the regiment. 5. Concept of Employment. The company is employed as a unit and provides health services support to the infantry regiment. a. Maneuver. The company maneuvers using organic assets and transportation from the CLB to support operations. b. Intelligence. Intelligence support and products are provided by MLG Headquarters. c. Fires. Organic firepower is limited to individual and crew-served weapons for personal security and for defense of medical health care services installations per applicable international law, which defines company personnel as personnel employed in the administration of health care treatment facilities. d. Logistics. The company provides health services support to the infantry regiment and serves as an emergency resupply source for medical health care services materiel for supported medical health care services units. e. Command and Control. The Company Commander directs and controls command support functions relating to operations, administration, and logistics for the company. f. Force Protection. The company has limited organic security capability. 6. Administrative Capabilities. Administrative support is provided by Headquarters and Service Company, Medical Battalion, MLG. 7. Logistics Capabilities a. Maintenance. The company is capable of organic field-level maintenance. Field-level maintenance for medical equipment beyond organic capability, to include maintaining the authorized medical allowance list, is provided by Medical Logistics Company, Supply Battalion, MLG. b. Supply. The company is capable of organic supply support to receive, temporarily hold, account for, and issue Class VIII supplies. All other nonmedical supply support is provided by Headquarters and Service Company, Med Bn. Medical Logistics Company, Supply Battalion, MLG, provides Class VIII supply support. c. Transportation. The company is capable of organic transportation support for command, patient movement, and administrative purposes. d. General Engineering. The company is capable of organic power generation. Additional engineering support is provided by Engineer Support Battalion, MLG. e. Health Services. The company is capable of organic Role 1 and 2 health care capabilities. Dental health care services are provided by Dental Battalion, MLG. f. Services. Services support is provided by Service Company, CLR x7, MLG. Food service support is provided by Food Service Company, CLR x7, MLG. 8. Command and Signal a. Command Relationships. The Company Commander reports to the Med Bn Commander. b. Communications and Information Systems. Communications support is provided by Headquarters and Service Company, Med Bn, MLG. 9. Supersession. This Mission Statement supersedes the previous Mission Statement of 20 June 2017 and is effective upon receipt. ERIC M. SMITH Deputy Commandant for Combat Development and Integration
A199: 45035
A202: *** UNCLASSIFIED // FOR OFFICIAL USE ONLY ***
B203: United States Marine Corps
B204: Total Force Structure Management System
B205: Unit TO&E Report
B207: SURG CO B 3D MED BN 3D MLG
B208: UNIT XXXXX
B210: FPO, AP 96604XXXX
B211: Country: JP
B212: UIC: M28262
A214: Source: | B214: Published
A215: Structure Data current as of: | B215: 02/27/2023
A216: Equipment Data Current as of: | B216: 45034.948
A219: Report Fiscal Year: | B219: 2029
A220: Manning Precedence Level: | B220: OPFOR
A221: Military Unit Level Code: | B221: CO
A223: Unit Descriptor Code: | B223: T
A224: Unit Type Code: | B224: FWQBB
A225: SASSY AAC: | B225: SASSY M29018
B226: LONG TERM STORAGE -- DATA CONVERSION INITIAL ACCOUNT
A227: MEF Code: | B227: C
A228: Type Support Code: | B228: C
A230: Mission Statement:
A231: Signed as of FEB 3, 2021 UNIT IDENTIFICATION CODE...SEE ENCL (1) SURGICAL COMPANY MEDICAL BATTALION SUBJ: MISSION STATEMENT 1. Promulgation Statement. This is the Surgical Company (Surg Co), Medical Battalion (Med Bn), Marine Logistics Group (MLG) Mission Statement. This Mission Statement defines the unit?s role and responsibilities in support of the MAGTF, the SE, and/or Joint Operations and prescribes the unit's organizational structure and capabilities in accordance with its tasks that manifests in the unit?s table of organization and equipment (T/O&E). 2. Organization Headquarters Platoon Ambulance Platoon Surgical Platoon 1 Surgical Platoon 2 Surgical Platoon 3 3. Mission and Tasks a. Mission. Provide Role 2 health service support to the infantry regiment, as part of the Combat Logistics Battalion (CLB) including temporary casualty holding and casualty evacuation support. b. Tasks (1) MCT 4.5.3 Conduct Casualty Treatment. (2) MCT 4.5.4 Conduct Temporary Casualty Holding. (3) MCT 4.5.5 Conduct Casualty Evacuation. (4) MCT 4.5.8 Conduct Medical Regulating. 4. Concept of Organization. The company is organized to plan, coordinate, and conduct health services support for the infantry regiment. It is under the tactical control of a CLB within Combat Logistics Regiment x7 (CLR x7), MLG, and may be task-organized to provide mobile health services support to sub-elements of the regiment. 5. Concept of Employment. The company is employed as a unit and provides health services support to the infantry regiment. a. Maneuver. The company maneuvers using organic assets and transportation from the CLB to support operations. b. Intelligence. Intelligence support and products are provided by MLG Headquarters. c. Fires. Organic firepower is limited to individual and crew-served weapons for personal security and for defense of medical health care services installations per applicable international law, which defines company personnel as personnel employed in the administration of health care treatment facilities. d. Logistics. The company provides health services support to the infantry regiment and serves as an emergency resupply source for medical health care services materiel for supported medical health care services units. e. Command and Control. The Company Commander directs and controls command support functions relating to operations, administration, and logistics for the company. f. Force Protection. The company has limited organic security capability. 6. Administrative Capabilities. Administrative support is provided by Headquarters and Service Company, Medical Battalion, MLG. 7. Logistics Capabilities a. Maintenance. The company is capable of organic field-level maintenance. Field-level maintenance for medical equipment beyond organic capability, to include maintaining the authorized medical allowance list, is provided by Medical Logistics Company, Supply Battalion, MLG. b. Supply. The company is capable of organic supply support to receive, temporarily hold, account for, and issue Class VIII supplies. All other nonmedical supply support is provided by Headquarters and Service Company, Med Bn. Medical Logistics Company, Supply Battalion, MLG, provides Class VIII supply support. c. Transportation. The company is capable of organic transportation support for command, patient movement, and administrative purposes. d. General Engineering. The company is capable of organic power generation. Additional engineering support is provided by Engineer Support Battalion, MLG. e. Health Services. The company is capable of organic Role 1 and 2 health care capabilities. Dental health care services are provided by Dental Battalion, MLG. f. Services. Services support is provided by Service Company, CLR x7, MLG. Food service support is provided by Food Service Company, CLR x7, MLG. 8. Command and Signal a. Command Relationships. The Company Commander reports to the Med Bn Commander. b. Communications and Information Systems. Communications support is provided by Headquarters and Service Company, Med Bn, MLG. 9. Supersession. This Mission Statement supersedes the previous Mission Statement of 20 June 2017 and is effective upon receipt. ERIC M. SMITH Deputy Commandant for Combat Development and Integration
A279: 45058

Sheet CCN_Library
A1: CCN_Library: canonical facility names per FC 2-000-05N for the 10 CCNs this BFR uses
A3: CCN | B3: Facility Name | C3: Source | D3: Page
A4: 14312 | B4: OPERATIONAL VEHICLE LAYDOWN AREA | C4: fc_2_000_05n_100series_02_11_2026.pdf | D4: 189
A5: 14345 | B5: ARMORY | C5: fc_2_000_05n_100series_02_11_2026.pdf | D5: 205
A6: 17110 | B6: ACADEMIC INSTRUCTION BUILDING | C6: fc_2_000_05n_100series_02_11_2026.pdf | D6: 278
A7: 17120 | B7: APPLIED INSTRUCTION BUILDING | C7: fc_2_000_05n_100series_02_11_2026.pdf | D7: 298
A8: 21451 | B8: AUTOMOTIVE ORGANIZATIONAL SHOP | C8: fc_2_000_05n_200series_05_16_2025.pdf | D8: 188
A9: 21710 | B9: ELECTRONICS/COMMUNICATIONS MAINTENANCE SHOP | C9: fc_2_000_05n_200series_05_16_2025.pdf | D9: 195
A10: 44112 | B10: STORAGE OF AIR OR GROUND ORGANIC UNITS FOR MARINE CORPS | C10: fc_2_000_05n_400series_11_19_2025.pdf | D10: 46
A11: 45110 | B11: OPEN STORAGE AREA | C11: fc_2_000_05n_400series_11_19_2025.pdf | D11: 50
A12: 61072 | B12: BATTALION/SQUADRON HEADQUARTERS, MARINE CORPS | C12: fc_2_000_05n_600series_03_02_2023.pdf | D12: 39
A13: 61073 | B13: COMPANY/BATTERY HEADQUARTERS, MARINE CORPS | C13: fc_2_000_05n_600series_03_02_2023.pdf | D13: 39

Sheet TO
U1: CHARGEABLE | AD1: NON-CHARGEABLE
D2: Has a Desk? | U2: MC Act | W2: MC Res | Y2: Civ | Z2: Other Active | AB2: Other Reserve | AD2: MC Act | AF2: MC Res | AH2: Civ | AJ2: Other Active | AL2: Other Reserve | AN2: MT/MF | AO2: UIC
B3: LINE | C3: NOTE | D3: CCN | E3: CCN Decription | F3: UIC | G3: Rec CD | H3: BIC | I3: Billet Description | J3: Alpha Grade | K3: BMOS | L3: PMOS | M3: B R N | N3: T Y P | O3: S T A | P3: M P R | Q3: Res Typ | R3: S C | S3: W P N | T3: Billet SPN | U3: Off | V3: Enl | W3: Off | X3: Enl | Z3: Off | AA3: Enl | AB3: Off | AC3: Enl | AD3: Off | AE3: Enl | AF3: Off | AG3: Enl | AH3: NC | AI3: T/T | AJ3: Off | AK3: Enl | AL3: Off | AM3: Enl | AP3: A S R | AQ3: IH/CA | AR3: MCC | AS3: F T N
B4: 1 | C4: 61072o | D4: 61072 | F4: =LEFT(H4,6) | G4: C | H4: M2826101021 | I4: HEADQUARTERS COMMAND STAFF | U4: 0 | V4: 0 | W4: 0 | X4: 0 | Y4: 0 | Z4: 0 | AA4: 0 | AB4: 0 | AC4: 0 | AD4: 0 | AE4: 0 | AF4: 0 | AG4: 0 | AH4: 0 | AI4: 0 | AJ4: 0 | AK4: 0 | AL4: 0 | AM4: 0
B5: =B4+1 | C5: 61072o | D5: 61072 | E5: =IF(D5="","",IFERROR(VLOOKUP(D5,CCN_Library!$A$4:$B$13,2,FALSE),"NOT IN LIBRARY")) | F5: =LEFT(H5,6) | G5: E | H5: M2826101022 | I5: COMMANDING OFFICER | J5: CAPT | K5: 2300 | L5: 2300 | M5: N | N5: O | O5: A | P5: A | R5: U | S5: P | U5: 0 | V5: 0 | W5: 0 | X5: 0 | Y5: 0 | Z5: 1 | AA5: 0 | AB5: 0 | AC5: 0 | AD5: 0 | AE5: 0 | AF5: 0 | AG5: 0 | AH5: 0 | AI5: 0 | AJ5: 0 | AK5: 0 | AL5: 0 | AM5: 0 | AP5: 1 | AQ5: A-M510 | AR5: 1CP
B6: =B5+1 | C6: 61072o | D6: 61072 | E6: =IF(D6="","",IFERROR(VLOOKUP(D6,CCN_Library!$A$4:$B$13,2,FALSE),"NOT IN LIBRARY")) | F6: =LEFT(H6,6) | G6: E | H6: M2826101023 | I6: EXECUTIVE OFFICER | J6: CDR | K6: 2300 | L6: 2300 | M6: N | N6: O | O6: A | P6: A | R6: U | S6: P | U6: 0 | V6: 0 | W6: 0 | X6: 0 | Y6: 0 | Z6: 1 | AA6: 0 | AB6: 0 | AC6: 0 | AD6: 0 | AE6: 0 | AF6: 0 | AG6: 0 | AH6: 0 | AI6: 0 | AJ6: 0 | AK6: 0 | AL6: 0 | AM6: 0 | AP6: 1 | AQ6: A-M510 | AR6: 1CP
B7: =B6+1 | C7: 61072o | D7: 61072 | E7: =IF(D7="","",IFERROR(VLOOKUP(D7,CCN_Library!$A$4:$B$13,2,FALSE),"NOT IN LIBRARY")) | F7: =LEFT(H7,6) | G7: E | H7: M2826101531 | I7: SUPPLY OFFICER | J7: 1STLT | K7: 3002 | L7: 3002 | M7: M | N7: O | O7: A | P7: A | R7: U | S7: C | U7: 1 | V7: 0 | W7: 0 | X7: 0 | Y7: 0 | Z7: 0 | AA7: 0 | AB7: 0 | AC7: 0 | AD7: 0 | AE7: 0 | AF7: 0 | AG7: 0 | AH7: 0 | AI7: 0 | AJ7: 0 | AK7: 0 | AL7: 0 | AM7: 0 | AP7: 1 | AQ7: A-M510 | AR7: 1CP
B8: =B7+1 | C8: 61072o | D8: 61072 | E8: =IF(D8="","",IFERROR(VLOOKUP(D8,CCN_Library!$A$4:$B$13,2,FALSE),"NOT IN LIBRARY")) | F8: =LEFT(H8,6) | G8: E | H8: M2826101024 | I8: DIRECTOR HEALTH SERVICES/PROGRAM | J8: CAPT | K8: 2100 | L8: 2100 | M8: N | N8: O | O8: A | P8: A | R8: U | S8: P | U8: 0 | V8: 0 | W8: 0 | X8: 0 | Y8: 0 | Z8: 1 | AA8: 0 | AB8: 0 | AC8: 0 | AD8: 0 | AE8: 0 | AF8: 0 | AG8: 0 | AH8: 0 | AI8: 0 | AJ8: 0 | AK8: 0 | AL8: 0 | AM8: 0 | AP8: 1 | AQ8: A-M510 | AR8: 1CP | AS8: *
B9: =B8+1 | C9: 61072o | D9: 61072 | E9: =IF(D9="","",IFERROR(VLOOKUP(D9,CCN_Library!$A$4:$B$13,2,FALSE),"NOT IN LIBRARY")) | F9: =LEFT(H9,6) | G9: E | H9: M2826101025 | I9: COMMAND MASTER CHIEF | J9: CMDCM | K9: 8CMC | L9: 8CMC | M9: N | N9: E | O9: A | P9: A | R9: U | S9: P | U9: 0 | V9: 0 | W9: 0 | X9: 0 | Y9: 0 | Z9: 0 | AA9: 1 | AB9: 0 | AC9: 0 | AD9: 0 | AE9: 0 | AF9: 0 | AG9: 0 | AH9: 0 | AI9: 0 | AJ9: 0 | AK9: 0 | AL9: 0 | AM9: 0 | AP9: 1 | AQ9: A-M510 | AR9: 1CP
B10: =B9+1 | C10: 61072c | D10: 61072 | E10: =IF(D10="","",IFERROR(VLOOKUP(D10,CCN_Library!$A$4:$B$13,2,FALSE),"NOT IN LIBRARY")) | F10: =LEFT(H10,6) | G10: E | H10: M2826101026 | I10: FLD MED TECH | J10: HN | K10: L03A | L10: L03A | M10: N | N10: E | O10: A | P10: A | R10: U | S10: C | U10: 0 | V10: 0 | W10: 0 | X10: 0 | Y10: 0 | Z10: 0 | AA10: 1 | AB10: 0 | AC10: 0 | AD10: 0 | AE10: 0 | AF10: 0 | AG10: 0 | AH10: 0 | AI10: 0 | AJ10: 0 | AK10: 0 | AL10: 0 | AM10: 0 | AP10: 1 | AQ10: A-M510 | AR10: 1CP
B11: =B10+1 | C11: 61073o | D11: 61073 | F11: =LEFT(H11,6) | G11: C | H11: M2826101027 | I11: COMPANY HEADQUARTERS SECTION | U11: 0 | V11: 0 | W11: 0 | X11: 0 | Y11: 0 | Z11: 0 | AA11: 0 | AB11: 0 | AC11: 0 | AD11: 0 | AE11: 0 | AF11: 0 | AG11: 0 | AH11: 0 | AI11: 0 | AJ11: 0 | AK11: 0 | AL11: 0 | AM11: 0
B12: =B11+1 | C12: 61073o | D12: 61073 | E12: =IF(D12="","",IFERROR(VLOOKUP(D12,CCN_Library!$A$4:$B$13,2,FALSE),"NOT IN LIBRARY")) | F12: =LEFT(H12,6) | G12: E | H12: M2826101423 | I12: COMPANY COMMANDER | J12: CAPT | K12: 0402 | L12: 0402 | M12: M | N12: O | O12: A | P12: A | R12: U | S12: C | U12: 1 | V12: 0 | W12: 0 | X12: 0 | Y12: 0 | Z12: 0 | AA12: 0 | AB12: 0 | AC12: 0 | AD12: 0 | AE12: 0 | AF12: 0 | AG12: 0 | AH12: 0 | AI12: 0 | AJ12: 0 | AK12: 0 | AL12: 0 | AM12: 0 | AP12: 1 | AQ12: A-M510 | AR12: 1CP
B13: =B12+1 | C13: 61073c | D13: 61073 | E13: =IF(D13="","",IFERROR(VLOOKUP(D13,CCN_Library!$A$4:$B$13,2,FALSE),"NOT IN LIBRARY")) | F13: =LEFT(H13,6) | G13: E | H13: M2826101425 | I13: ADMIN CLERK | J13: LCPL | K13: 0111 | L13: 0111 | M13: M | N13: E | O13: A | P13: A | R13: U | S13: M | U13: 0 | V13: 1 | W13: 0 | X13: 0 | Y13: 0 | Z13: 0 | AA13: 0 | AB13: 0 | AC13: 0 | AD13: 0 | AE13: 0 | AF13: 0 | AG13: 0 | AH13: 0 | AI13: 0 | AJ13: 0 | AK13: 0 | AL13: 0 | AM13: 0 | AP13: 1 | AQ13: A-M510 | AR13: 1CP
B14: =B13+1 | C14: 61073o | D14: 61073 | E14: =IF(D14="","",IFERROR(VLOOKUP(D14,CCN_Library!$A$4:$B$13,2,FALSE),"NOT IN LIBRARY")) | F14: =LEFT(H14,6) | G14: E | H14: M2826101491 | I14: FLD MED TECH | J14: HMCS | K14: L03A | L14: L03A | M14: N | N14: E | O14: A | P14: A | R14: U | S14: P | U14: 0 | V14: 0 | W14: 0 | X14: 0 | Y14: 0 | Z14: 0 | AA14: 1 | AB14: 0 | AC14: 0 | AD14: 0 | AE14: 0 | AF14: 0 | AG14: 0 | AH14: 0 | AI14: 0 | AJ14: 0 | AK14: 0 | AL14: 0 | AM14: 0 | AP14: 1 | AQ14: A-M510 | AR14: 1CP
B15: =B14+1 | C15: 61073c | D15: 61073 | E15: =IF(D15="","",IFERROR(VLOOKUP(D15,CCN_Library!$A$4:$B$13,2,FALSE),"NOT IN LIBRARY")) | F15: =LEFT(H15,6) | G15: E | H15: M2826101029 | I15: FLD MED TECH | J15: HM3 | K15: L03A | L15: L03A | M15: N | N15: E | O15: A | P15: A | R15: U | S15: C | U15: 0 | V15: 0 | W15: 0 | X15: 0 | Y15: 0 | Z15: 0 | AA15: 1 | AB15: 0 | AC15: 0 | AD15: 0 | AE15: 0 | AF15: 0 | AG15: 0 | AH15: 0 | AI15: 0 | AJ15: 0 | AK15: 0 | AL15: 0 | AM15: 0 | AP15: 1 | AQ15: A-M510 | AR15: 1CP
B16: =B15+1 | C16: 61072o | D16: 61072 | F16: =LEFT(H16,6) | G16: D | H16: M2826101030 | I16: S-1 | U16: 0 | V16: 0 | W16: 0 | X16: 0 | Y16: 0 | Z16: 0 | AA16: 0 | AB16: 0 | AC16: 0 | AD16: 0 | AE16: 0 | AF16: 0 | AG16: 0 | AH16: 0 | AI16: 0 | AJ16: 0 | AK16: 0 | AL16: 0 | AM16: 0
B17: =B16+1 | C17: 61072o | D17: 61072 | E17: =IF(D17="","",IFERROR(VLOOKUP(D17,CCN_Library!$A$4:$B$13,2,FALSE),"NOT IN LIBRARY")) | F17: =LEFT(H17,6) | G17: E | H17: M2826101031 | I17: S-1 OFFICER | J17: LT | K17: 2300 | L17: 2300 | M17: N | N17: O | O17: A | P17: A | R17: U | S17: P | U17: 0 | V17: 0 | W17: 0 | X17: 0 | Y17: 0 | Z17: 1 | AA17: 0 | AB17: 0 | AC17: 0 | AD17: 0 | AE17: 0 | AF17: 0 | AG17: 0 | AH17: 0 | AI17: 0 | AJ17: 0 | AK17: 0 | AL17: 0 | AM17: 0 | AP17: 1 | AQ17: A-M510 | AR17: 1CP
B18: =B17+1 | C18: 61072o | D18: 61072 | E18: =IF(D18="","",IFERROR(VLOOKUP(D18,CCN_Library!$A$4:$B$13,2,FALSE),"NOT IN LIBRARY")) | F18: =LEFT(H18,6) | G18: E | H18: M2826101032 | I18: ADJUTANT/LEGAL OFFICER | J18: LTJG | K18: 2300 | L18: 2300 | M18: N | N18: O | O18: A | P18: A | R18: U | S18: P | U18: 0 | V18: 0 | W18: 0 | X18: 0 | Y18: 0 | Z18: 1 | AA18: 0 | AB18: 0 | AC18: 0 | AD18: 0 | AE18: 0 | AF18: 0 | AG18: 0 | AH18: 0 | AI18: 0 | AJ18: 0 | AK18: 0 | AL18: 0 | AM18: 0 | AP18: 1 | AQ18: A-M510 | AR18: 1CP
B19: =B18+1 | C19: 61072o | D19: 61072 | E19: =IF(D19="","",IFERROR(VLOOKUP(D19,CCN_Library!$A$4:$B$13,2,FALSE),"NOT IN LIBRARY")) | F19: =LEFT(H19,6) | G19: E | H19: M2826101033 | I19: FLD MED TECH | J19: HMC | K19: L03A | L19: L03A | M19: N | N19: E | O19: A | P19: A | R19: U | S19: P | U19: 0 | V19: 0 | W19: 0 | X19: 0 | Y19: 0 | Z19: 0 | AA19: 1 | AB19: 0 | AC19: 0 | AD19: 0 | AE19: 0 | AF19: 0 | AG19: 0 | AH19: 0 | AI19: 0 | AJ19: 0 | AK19: 0 | AL19: 0 | AM19: 0 | AP19: 1 | AQ19: A-M510 | AR19: 1CP
B20: =B19+1 | C20: 61072o | D20: 61072 | E20: =IF(D20="","",IFERROR(VLOOKUP(D20,CCN_Library!$A$4:$B$13,2,FALSE),"NOT IN LIBRARY")) | F20: =LEFT(H20,6) | G20: E | H20: M2826101034 | I20: FLD MED TECH | J20: HM1 | K20: L03A | L20: L03A | M20: N | N20: E | O20: A | P20: A | R20: U | S20: P | U20: 0 | V20: 0 | W20: 0 | X20: 0 | Y20: 0 | Z20: 0 | AA20: 1 | AB20: 0 | AC20: 0 | AD20: 0 | AE20: 0 | AF20: 0 | AG20: 0 | AH20: 0 | AI20: 0 | AJ20: 0 | AK20: 0 | AL20: 0 | AM20: 0 | AP20: 1 | AQ20: A-M510 | AR20: 1CP
B21: =B20+1 | C21: 61072c | D21: 61072 | E21: =IF(D21="","",IFERROR(VLOOKUP(D21,CCN_Library!$A$4:$B$13,2,FALSE),"NOT IN LIBRARY")) | F21: =LEFT(H21,6) | G21: E | H21: M2826101035 | I21: FLD MED TECH | J21: HM2 | K21: L03A | L21: L03A | M21: N | N21: E | O21: A | P21: A | R21: U | S21: C | U21: 0 | V21: 0 | W21: 0 | X21: 0 | Y21: 0 | Z21: 0 | AA21: 1 | AB21: 0 | AC21: 0 | AD21: 0 | AE21: 0 | AF21: 0 | AG21: 0 | AH21: 0 | AI21: 0 | AJ21: 0 | AK21: 0 | AL21: 0 | AM21: 0 | AP21: 1 | AQ21: A-M510 | AR21: 1CP
B22: =B21+1 | C22: 61072c | D22: 61072 | E22: =IF(D22="","",IFERROR(VLOOKUP(D22,CCN_Library!$A$4:$B$13,2,FALSE),"NOT IN LIBRARY")) | F22: =LEFT(H22,6) | G22: E | H22: M2826101036 | I22: FLD MED TECH | J22: HM3 | K22: L03A | L22: L03A | M22: N | N22: E | O22: A | P22: A | R22: U | S22: C | U22: 0 | V22: 0 | W22: 0 | X22: 0 | Y22: 0 | Z22: 0 | AA22: 1 | AB22: 0 | AC22: 0 | AD22: 0 | AE22: 0 | AF22: 0 | AG22: 0 | AH22: 0 | AI22: 0 | AJ22: 0 | AK22: 0 | AL22: 0 | AM22: 0 | AP22: 1 | AQ22: A-M510 | AR22: 1CP
B23: =B22+1 | C23: 61072c | D23: 61072 | E23: =IF(D23="","",IFERROR(VLOOKUP(D23,CCN_Library!$A$4:$B$13,2,FALSE),"NOT IN LIBRARY")) | F23: =LEFT(H23,6) | G23: E | H23: M2826101037 | I23: FLD MED TECH | J23: HM3 | K23: L03A | L23: L03A | M23: N | N23: E | O23: A | P23: A | R23: U | S23: C | U23: 0 | V23: 0 | W23: 0 | X23: 0 | Y23: 0 | Z23: 0 | AA23: 1 | AB23: 0 | AC23: 0 | AD23: 0 | AE23: 0 | AF23: 0 | AG23: 0 | AH23: 0 | AI23: 0 | AJ23: 0 | AK23: 0 | AL23: 0 | AM23: 0 | AP23: 1 | AQ23: A-M510 | AR23: 1CP
B24: =B23+1 | C24: 61072o | D24: 61072 | E24: =IF(D24="","",IFERROR(VLOOKUP(D24,CCN_Library!$A$4:$B$13,2,FALSE),"NOT IN LIBRARY")) | F24: =LEFT(H24,6) | G24: E | H24: M2826101038 | I24: PERS SPEC | J24: PS1 | K24: 0000 | L24: 0000 | M24: N | N24: E | O24: A | P24: A | R24: U | S24: P | U24: 0 | V24: 0 | W24: 0 | X24: 0 | Y24: 0 | Z24: 0 | AA24: 1 | AB24: 0 | AC24: 0 | AD24: 0 | AE24: 0 | AF24: 0 | AG24: 0 | AH24: 0 | AI24: 0 | AJ24: 0 | AK24: 0 | AL24: 0 | AM24: 0 | AP24: 1 | AQ24: A-M510 | AR24: 1CP
B25: =B24+1 | C25: 61072c | D25: 61072 | E25: =IF(D25="","",IFERROR(VLOOKUP(D25,CCN_Library!$A$4:$B$13,2,FALSE),"NOT IN LIBRARY")) | F25: =LEFT(H25,6) | G25: E | H25: M2826101039 | I25: PERS SPEC | J25: PS2 | K25: 0000 | L25: 0000 | M25: N | N25: E | O25: A | P25: A | R25: U | S25: C | U25: 0 | V25: 0 | W25: 0 | X25: 0 | Y25: 0 | Z25: 0 | AA25: 1 | AB25: 0 | AC25: 0 | AD25: 0 | AE25: 0 | AF25: 0 | AG25: 0 | AH25: 0 | AI25: 0 | AJ25: 0 | AK25: 0 | AL25: 0 | AM25: 0 | AP25: 1 | AQ25: A-M510 | AR25: 1CP
B26: =B25+1 | C26: 61072c | D26: 61072 | E26: =IF(D26="","",IFERROR(VLOOKUP(D26,CCN_Library!$A$4:$B$13,2,FALSE),"NOT IN LIBRARY")) | F26: =LEFT(H26,6) | G26: E | H26: M2826101613 | I26: YEOMAN | J26: YN2 | K26: 0000 | L26: 0000 | M26: N | N26: E | O26: A | P26: A | R26: U | S26: C | U26: 0 | V26: 0 | W26: 0 | X26: 0 | Y26: 0 | Z26: 0 | AA26: 1 | AB26: 0 | AC26: 0 | AD26: 0 | AE26: 0 | AF26: 0 | AG26: 0 | AH26: 0 | AI26: 0 | AJ26: 0 | AK26: 0 | AL26: 0 | AM26: 0 | AP26: 1 | AQ26: A-M510 | AR26: 1CP
B27: =B26+1 | C27: 61072c | D27: 61072 | E27: =IF(D27="","",IFERROR(VLOOKUP(D27,CCN_Library!$A$4:$B$13,2,FALSE),"NOT IN LIBRARY")) | F27: =LEFT(H27,6) | G27: E | H27: M2826101614 | I27: PERS SPEC | J27: PS3 | K27: 0000 | L27: 0000 | M27: N | N27: E | O27: A | P27: A | R27: U | S27: C | U27: 0 | V27: 0 | W27: 0 | X27: 0 | Y27: 0 | Z27: 0 | AA27: 1 | AB27: 0 | AC27: 0 | AD27: 0 | AE27: 0 | AF27: 0 | AG27: 0 | AH27: 0 | AI27: 0 | AJ27: 0 | AK27: 0 | AL27: 0 | AM27: 0 | AP27: 1 | AQ27: A-M510 | AR27: 1CP
B28: =B27+1 | C28: 61072c | D28: 61072 | E28: =IF(D28="","",IFERROR(VLOOKUP(D28,CCN_Library!$A$4:$B$13,2,FALSE),"NOT IN LIBRARY")) | F28: =LEFT(H28,6) | G28: E | H28: M2826101426 | I28: CASUALTY REPORTING COORDINATOR | J28: LCPL | K28: 0111 | L28: 0111 | M28: M | N28: E | O28: A | P28: A | R28: U | S28: M | U28: 0 | V28: 1 | W28: 0 | X28: 0 | Y28: 0 | Z28: 0 | AA28: 0 | AB28: 0 | AC28: 0 | AD28: 0 | AE28: 0 | AF28: 0 | AG28: 0 | AH28: 0 | AI28: 0 | AJ28: 0 | AK28: 0 | AL28: 0 | AM28: 0 | AP28: 1 | AQ28: A-M510 | AR28: 1CP
B29: =B28+1 | C29: 61072o | D29: 61072 | F29: =LEFT(H29,6) | G29: D | H29: M2826101040 | I29: S-2/S-3 | U29: 0 | V29: 0 | W29: 0 | X29: 0 | Y29: 0 | Z29: 0 | AA29: 0 | AB29: 0 | AC29: 0 | AD29: 0 | AE29: 0 | AF29: 0 | AG29: 0 | AH29: 0 | AI29: 0 | AJ29: 0 | AK29: 0 | AL29: 0 | AM29: 0
B30: =B29+1 | C30: 61072o | D30: 61072 | E30: =IF(D30="","",IFERROR(VLOOKUP(D30,CCN_Library!$A$4:$B$13,2,FALSE),"NOT IN LIBRARY")) | F30: =LEFT(H30,6) | G30: E | H30: M2826101597 | I30: S-2/3 OFFICER | J30: LCDR | K30: 2300 | L30: 2300 | M30: N | N30: O | O30: A | P30: A | R30: U | S30: P | U30: 0 | V30: 0 | W30: 0 | X30: 0 | Y30: 0 | Z30: 1 | AA30: 0 | AB30: 0 | AC30: 0 | AD30: 0 | AE30: 0 | AF30: 0 | AG30: 0 | AH30: 0 | AI30: 0 | AJ30: 0 | AK30: 0 | AL30: 0 | AM30: 0 | AP30: 1 | AQ30: A-M510 | AR30: 1CP
B31: =B30+1 | C31: 61072o | D31: 61072 | E31: =IF(D31="","",IFERROR(VLOOKUP(D31,CCN_Library!$A$4:$B$13,2,FALSE),"NOT IN LIBRARY")) | F31: =LEFT(H31,6) | G31: E | H31: M2826101042 | I31: FLD MED TECH | J31: HMC | K31: L03A | L31: L03A | M31: N | N31: E | O31: A | P31: A | R31: U | S31: P | U31: 0 | V31: 0 | W31: 0 | X31: 0 | Y31: 0 | Z31: 0 | AA31: 1 | AB31: 0 | AC31: 0 | AD31: 0 | AE31: 0 | AF31: 0 | AG31: 0 | AH31: 0 | AI31: 0 | AJ31: 0 | AK31: 0 | AL31: 0 | AM31: 0 | AP31: 1 | AQ31: A-M510 | AR31: 1CP
B32: =B31+1 | C32: 61072o | D32: 61072 | E32: =IF(D32="","",IFERROR(VLOOKUP(D32,CCN_Library!$A$4:$B$13,2,FALSE),"NOT IN LIBRARY")) | F32: =LEFT(H32,6) | G32: E | H32: M2826101043 | I32: FLD MED TECH | J32: HM1 | K32: L03A | L32: L03A | M32: N | N32: E | O32: A | P32: A | R32: U | S32: P | U32: 0 | V32: 0 | W32: 0 | X32: 0 | Y32: 0 | Z32: 0 | AA32: 1 | AB32: 0 | AC32: 0 | AD32: 0 | AE32: 0 | AF32: 0 | AG32: 0 | AH32: 0 | AI32: 0 | AJ32: 0 | AK32: 0 | AL32: 0 | AM32: 0 | AP32: 1 | AQ32: A-M510 | AR32: 1CP
B33: =B32+1 | C33: 61072o | D33: 61072 | E33: =IF(D33="","",IFERROR(VLOOKUP(D33,CCN_Library!$A$4:$B$13,2,FALSE),"NOT IN LIBRARY")) | F33: =LEFT(H33,6) | G33: E | H33: M2826101044 | I33: ASSISTANT S-3/OPERATIONS OFFICER | J33: LT | K33: 2300 | L33: 2300 | M33: N | N33: O | O33: A | P33: A | R33: U | S33: P | U33: 0 | V33: 0 | W33: 0 | X33: 0 | Y33: 0 | Z33: 1 | AA33: 0 | AB33: 0 | AC33: 0 | AD33: 0 | AE33: 0 | AF33: 0 | AG33: 0 | AH33: 0 | AI33: 0 | AJ33: 0 | AK33: 0 | AL33: 0 | AM33: 0 | AP33: 1 | AQ33: A-M510 | AR33: 1CP
B34: =B33+1 | C34: 61072o | D34: 61072 | E34: =IF(D34="","",IFERROR(VLOOKUP(D34,CCN_Library!$A$4:$B$13,2,FALSE),"NOT IN LIBRARY")) | F34: =LEFT(H34,6) | G34: E | H34: M2826101045 | I34: FLD MED TECH | J34: HMC | K34: L03A | L34: L03A | M34: N | N34: E | O34: A | P34: A | R34: U | S34: P | U34: 0 | V34: 0 | W34: 0 | X34: 0 | Y34: 0 | Z34: 0 | AA34: 1 | AB34: 0 | AC34: 0 | AD34: 0 | AE34: 0 | AF34: 0 | AG34: 0 | AH34: 0 | AI34: 0 | AJ34: 0 | AK34: 0 | AL34: 0 | AM34: 0 | AP34: 1 | AQ34: A-M510 | AR34: 1CP
B35: =B34+1 | C35: 61072c | D35: 61072 | E35: =IF(D35="","",IFERROR(VLOOKUP(D35,CCN_Library!$A$4:$B$13,2,FALSE),"NOT IN LIBRARY")) | F35: =LEFT(H35,6) | G35: E | H35: M2826101046 | I35: FLD MED TECH | J35: HM2 | K35: L03A | L35: L03A | M35: N | N35: E | O35: A | P35: A | R35: U | S35: C | U35: 0 | V35: 0 | W35: 0 | X35: 0 | Y35: 0 | Z35: 0 | AA35: 1 | AB35: 0 | AC35: 0 | AD35: 0 | AE35: 0 | AF35: 0 | AG35: 0 | AH35: 0 | AI35: 0 | AJ35: 0 | AK35: 0 | AL35: 0 | AM35: 0 | AP35: 1 | AQ35: A-M510 | AR35: 1CP
B36: =B35+1 | C36: 61072c | D36: 61072 | E36: =IF(D36="","",IFERROR(VLOOKUP(D36,CCN_Library!$A$4:$B$13,2,FALSE),"NOT IN LIBRARY")) | F36: =LEFT(H36,6) | G36: E | H36: M2826101047 | I36: FLD MED TECH | J36: HM2 | K36: L03A | L36: L03A | M36: N | N36: E | O36: A | P36: A | R36: U | S36: C | U36: 0 | V36: 0 | W36: 0 | X36: 0 | Y36: 0 | Z36: 0 | AA36: 1 | AB36: 0 | AC36: 0 | AD36: 0 | AE36: 0 | AF36: 0 | AG36: 0 | AH36: 0 | AI36: 0 | AJ36: 0 | AK36: 0 | AL36: 0 | AM36: 0 | AP36: 1 | AQ36: A-M510 | AR36: 1CP
B37: =B36+1 | C37: 61072o | D37: 61072 | E37: =IF(D37="","",IFERROR(VLOOKUP(D37,CCN_Library!$A$4:$B$13,2,FALSE),"NOT IN LIBRARY")) | F37: =LEFT(H37,6) | G37: E | H37: M2826101598 | I37: MED DPT STF | J37: LT | K37: 2300 | L37: 2300 | M37: N | N37: O | O37: A | P37: A | R37: U | S37: P | U37: 0 | V37: 0 | W37: 0 | X37: 0 | Y37: 0 | Z37: 1 | AA37: 0 | AB37: 0 | AC37: 0 | AD37: 0 | AE37: 0 | AF37: 0 | AG37: 0 | AH37: 0 | AI37: 0 | AJ37: 0 | AK37: 0 | AL37: 0 | AM37: 0 | AP37: 1 | AQ37: A-M510 | AR37: 1CP
B38: =B37+1 | C38: 61072o | D38: 61072 | E38: =IF(D38="","",IFERROR(VLOOKUP(D38,CCN_Library!$A$4:$B$13,2,FALSE),"NOT IN LIBRARY")) | F38: =LEFT(H38,6) | G38: E | H38: M2826101049 | I38: CHIEF NURSING OFFICER | J38: CDR | K38: 2900 | L38: 2900 | M38: N | N38: O | O38: A | P38: A | R38: U | S38: P | U38: 0 | V38: 0 | W38: 0 | X38: 0 | Y38: 0 | Z38: 1 | AA38: 0 | AB38: 0 | AC38: 0 | AD38: 0 | AE38: 0 | AF38: 0 | AG38: 0 | AH38: 0 | AI38: 0 | AJ38: 0 | AK38: 0 | AL38: 0 | AM38: 0 | AP38: 1 | AQ38: A-M510 | AR38: 1CP
B39: =B38+1 | C39: 61072o | D39: 61072 | E39: =IF(D39="","",IFERROR(VLOOKUP(D39,CCN_Library!$A$4:$B$13,2,FALSE),"NOT IN LIBRARY")) | F39: =LEFT(H39,6) | G39: E | H39: M2826101050 | I39: EVACUATION CONTROL OFFICER | J39: LT | K39: 2900 | L39: 2900 | M39: N | N39: O | O39: A | P39: A | R39: U | S39: P | U39: 0 | V39: 0 | W39: 0 | X39: 0 | Y39: 0 | Z39: 1 | AA39: 0 | AB39: 0 | AC39: 0 | AD39: 0 | AE39: 0 | AF39: 0 | AG39: 0 | AH39: 0 | AI39: 0 | AJ39: 0 | AK39: 0 | AL39: 0 | AM39: 0 | AP39: 1 | AQ39: A-M510 | AR39: 1CP
B40: =B39+1 | C40: 61072o | D40: 61072 | E40: =IF(D40="","",IFERROR(VLOOKUP(D40,CCN_Library!$A$4:$B$13,2,FALSE),"NOT IN LIBRARY")) | F40: =LEFT(H40,6) | G40: E | H40: M2826101051 | I40: FLD MED TECH | J40: HMC | K40: L03A | L40: L03A | M40: N | N40: E | O40: A | P40: A | R40: U | S40: P | U40: 0 | V40: 0 | W40: 0 | X40: 0 | Y40: 0 | Z40: 0 | AA40: 1 | AB40: 0 | AC40: 0 | AD40: 0 | AE40: 0 | AF40: 0 | AG40: 0 | AH40: 0 | AI40: 0 | AJ40: 0 | AK40: 0 | AL40: 0 | AM40: 0 | AP40: 1 | AQ40: A-M510 | AR40: 1CP
B41: =B40+1 | C41: 61072c | D41: 61072 | E41: =IF(D41="","",IFERROR(VLOOKUP(D41,CCN_Library!$A$4:$B$13,2,FALSE),"NOT IN LIBRARY")) | F41: =LEFT(H41,6) | G41: E | H41: M2826101052 | I41: FLD MED TECH | J41: HM3 | K41: L03A | L41: L03A | M41: N | N41: E | O41: A | P41: A | R41: U | S41: C | U41: 0 | V41: 0 | W41: 0 | X41: 0 | Y41: 0 | Z41: 0 | AA41: 1 | AB41: 0 | AC41: 0 | AD41: 0 | AE41: 0 | AF41: 0 | AG41: 0 | AH41: 0 | AI41: 0 | AJ41: 0 | AK41: 0 | AL41: 0 | AM41: 0 | AP41: 1 | AQ41: A-M510 | AR41: 1CP
... B44: =B43+1 | C44: 61072c | D44: 61072 | E44: =IF(D44="","",IFERROR(VLOOKUP(D44,CCN_Library!$A$4:$B$13,2,FALSE),"NOT IN LIBRARY")) | F44: =LEFT(H44,6) | G44: E | H44: M2826101055 | I44: FLD MED TECH | J44: HM3 | K44: L03A | L44: L03A | M44: N | N44: E | O44: A | P44: A | R44: U | S44: C | U44: 0 | V44: 0 | W44: 0 | X44: 0 | Y44: 0 | Z44: 0 | AA44: 1 | AB44: 0 | AC44: 0 | AD44: 0 | AE44: 0 | AF44: 0 | AG44: 0 | AH44: 0 | AI44: 0 | AJ44: 0 | AK44: 0 | AL44: 0 | AM44: 0 | AP44: 1 | AQ44: A-M510 | AR44: 1CP
B45: =B44+1 | C45: 44112o | D45: 44112 | F45: =LEFT(H45,6) | G45: D | H45: M2826101056 | I45: S-4 | U45: 0 | V45: 0 | W45: 0 | X45: 0 | Y45: 0 | Z45: 0 | AA45: 0 | AB45: 0 | AC45: 0 | AD45: 0 | AE45: 0 | AF45: 0 | AG45: 0 | AH45: 0 | AI45: 0 | AJ45: 0 | AK45: 0 | AL45: 0 | AM45: 0
B46: =B45+1 | C46: 44112o | D46: 44112 | E46: =IF(D46="","",IFERROR(VLOOKUP(D46,CCN_Library!$A$4:$B$13,2,FALSE),"NOT IN LIBRARY")) | F46: =LEFT(H46,6) | G46: E | H46: M2826101599 | I46: GEN SUP/S-4 OFFICER | J46: LCDR | K46: 2300 | L46: 2300 | M46: N | N46: O | O46: A | P46: A | R46: U | S46: P | U46: 0 | V46: 0 | W46: 0 | X46: 0 | Y46: 0 | Z46: 1 | AA46: 0 | AB46: 0 | AC46: 0 | AD46: 0 | AE46: 0 | AF46: 0 | AG46: 0 | AH46: 0 | AI46: 0 | AJ46: 0 | AK46: 0 | AL46: 0 | AM46: 0 | AP46: 1 | AQ46: A-M510 | AR46: 1CP
B47: =B46+1 | C47: 44112w | D47: 44112 | E47: =IF(D47="","",IFERROR(VLOOKUP(D47,CCN_Library!$A$4:$B$13,2,FALSE),"NOT IN LIBRARY")) | F47: =LEFT(H47,6) | G47: E | H47: M2826101058 | I47: FLD MED TECH | J47: HM2 | K47: L03A | L47: L03A | M47: N | N47: E | O47: A | P47: A | R47: U | S47: C | U47: 0 | V47: 0 | W47: 0 | X47: 0 | Y47: 0 | Z47: 0 | AA47: 1 | AB47: 0 | AC47: 0 | AD47: 0 | AE47: 0 | AF47: 0 | AG47: 0 | AH47: 0 | AI47: 0 | AJ47: 0 | AK47: 0 | AL47: 0 | AM47: 0 | AP47: 1 | AQ47: A-M510 | AR47: 1CP
B48: =B47+1 | C48: 44112w | D48: 44112 | E48: =IF(D48="","",IFERROR(VLOOKUP(D48,CCN_Library!$A$4:$B$13,2,FALSE),"NOT IN LIBRARY")) | F48: =LEFT(H48,6) | G48: E | H48: M2826101059 | I48: FLD MED TECH | J48: HM2 | K48: L03A | L48: L03A | M48: N | N48: E | O48: A | P48: A | R48: U | S48: C | U48: 0 | V48: 0 | W48: 0 | X48: 0 | Y48: 0 | Z48: 0 | AA48: 1 | AB48: 0 | AC48: 0 | AD48: 0 | AE48: 0 | AF48: 0 | AG48: 0 | AH48: 0 | AI48: 0 | AJ48: 0 | AK48: 0 | AL48: 0 | AM48: 0 | AP48: 1 | AQ48: A-M510 | AR48: 1CP
B49: =B48+1 | C49: 44112o | D49: 44112 | E49: =IF(D49="","",IFERROR(VLOOKUP(D49,CCN_Library!$A$4:$B$13,2,FALSE),"NOT IN LIBRARY")) | F49: =LEFT(H49,6) | G49: E | H49: M2826101060 | I49: FLD MED TECH | J49: HMC | K49: L03A | L49: L03A | M49: N | N49: E | O49: A | P49: A | R49: U | S49: P | U49: 0 | V49: 0 | W49: 0 | X49: 0 | Y49: 0 | Z49: 0 | AA49: 1 | AB49: 0 | AC49: 0 | AD49: 0 | AE49: 0 | AF49: 0 | AG49: 0 | AH49: 0 | AI49: 0 | AJ49: 0 | AK49: 0 | AL49: 0 | AM49: 0 | AP49: 1 | AQ49: A-M510 | AR49: 1CP
B50: =B49+1 | C50: 44112w | D50: 44112 | E50: =IF(D50="","",IFERROR(VLOOKUP(D50,CCN_Library!$A$4:$B$13,2,FALSE),"NOT IN LIBRARY")) | F50: =LEFT(H50,6) | G50: E | H50: M2826101061 | I50: FLD MED TECH | J50: HM3 | K50: L03A | L50: L03A | M50: N | N50: E | O50: A | P50: A | R50: U | S50: C | U50: 0 | V50: 0 | W50: 0 | X50: 0 | Y50: 0 | Z50: 0 | AA50: 1 | AB50: 0 | AC50: 0 | AD50: 0 | AE50: 0 | AF50: 0 | AG50: 0 | AH50: 0 | AI50: 0 | AJ50: 0 | AK50: 0 | AL50: 0 | AM50: 0 | AP50: 1 | AQ50: A-M510 | AR50: 1CP
B51: =B50+1 | C51: 44112w | D51: 44112 | E51: =IF(D51="","",IFERROR(VLOOKUP(D51,CCN_Library!$A$4:$B$13,2,FALSE),"NOT IN LIBRARY")) | F51: =LEFT(H51,6) | G51: E | H51: M2826101062 | I51: FLD MED TECH | J51: HN | K51: L03A | L51: L03A | M51: N | N51: E | O51: A | P51: A | R51: U | S51: C | U51: 0 | V51: 0 | W51: 0 | X51: 0 | Y51: 0 | Z51: 0 | AA51: 1 | AB51: 0 | AC51: 0 | AD51: 0 | AE51: 0 | AF51: 0 | AG51: 0 | AH51: 0 | AI51: 0 | AJ51: 0 | AK51: 0 | AL51: 0 | AM51: 0 | AP51: 1 | AQ51: A-M510 | AR51: 1CP
B52: =B51+1 | C52: 44112w | D52: 44112 | E52: =IF(D52="","",IFERROR(VLOOKUP(D52,CCN_Library!$A$4:$B$13,2,FALSE),"NOT IN LIBRARY")) | F52: =LEFT(H52,6) | G52: E | H52: M2826101063 | I52: FLD MED TECH | J52: HN | K52: L03A | L52: L03A | M52: N | N52: E | O52: A | P52: A | R52: U | S52: C | U52: 0 | V52: 0 | W52: 0 | X52: 0 | Y52: 0 | Z52: 0 | AA52: 1 | AB52: 0 | AC52: 0 | AD52: 0 | AE52: 0 | AF52: 0 | AG52: 0 | AH52: 0 | AI52: 0 | AJ52: 0 | AK52: 0 | AL52: 0 | AM52: 0 | AP52: 1 | AQ52: A-M510 | AR52: 1CP
B53: =B52+1 | C53: 44112o | D53: 44112 | E53: =IF(D53="","",IFERROR(VLOOKUP(D53,CCN_Library!$A$4:$B$13,2,FALSE),"NOT IN LIBRARY")) | F53: =LEFT(H53,6) | G53: E | H53: M2826101429 | I53: ASSISTANT S-4/LOGISTICS OFFICER | J53: 1STLT | K53: 0402 | L53: 0402 | M53: M | N53: O | O53: A | P53: A | R53: U | S53: C | U53: 1 | V53: 0 | W53: 0 | X53: 0 | Y53: 0 | Z53: 0 | AA53: 0 | AB53: 0 | AC53: 0 | AD53: 0 | AE53: 0 | AF53: 0 | AG53: 0 | AH53: 0 | AI53: 0 | AJ53: 0 | AK53: 0 | AL53: 0 | AM53: 0 | AP53: 1 | AQ53: A-M510 | AR53: 1CP
B54: =B53+1 | C54: 44112o | D54: 44112 | E54: =IF(D54="","",IFERROR(VLOOKUP(D54,CCN_Library!$A$4:$B$13,2,FALSE),"NOT IN LIBRARY")) | F54: =LEFT(H54,6) | G54: E | H54: M2826101430 | I54: LOGISTICS CHIEF | J54: SSGT | K54: 0441 | L54: 0441 | M54: M | N54: E | O54: A | P54: A | R54: U | S54: C | U54: 0 | V54: 1 | W54: 0 | X54: 0 | Y54: 0 | Z54: 0 | AA54: 0 | AB54: 0 | AC54: 0 | AD54: 0 | AE54: 0 | AF54: 0 | AG54: 0 | AH54: 0 | AI54: 0 | AJ54: 0 | AK54: 0 | AL54: 0 | AM54: 0 | AP54: 1 | AQ54: A-M510 | AR54: 1CP
B55: =B54+1 | C55: 44112w | D55: 44112 | E55: =IF(D55="","",IFERROR(VLOOKUP(D55,CCN_Library!$A$4:$B$13,2,FALSE),"NOT IN LIBRARY")) | F55: =LEFT(H55,6) | G55: E | H55: M2826101431 | I55: LOGISTICS/EMBARKATION SPECIALIST | J55: LCPL | K55: 0441 | L55: 0441 | M55: M | N55: E | O55: A | P55: A | R55: U | S55: M | U55: 0 | V55: 1 | W55: 0 | X55: 0 | Y55: 0 | Z55: 0 | AA55: 0 | AB55: 0 | AC55: 0 | AD55: 0 | AE55: 0 | AF55: 0 | AG55: 0 | AH55: 0 | AI55: 0 | AJ55: 0 | AK55: 0 | AL55: 0 | AM55: 0 | AP55: 1 | AQ55: A-M510 | AR55: 1CP
B56: =B55+1 | C56: 44112w | D56: 44112 | E56: =IF(D56="","",IFERROR(VLOOKUP(D56,CCN_Library!$A$4:$B$13,2,FALSE),"NOT IN LIBRARY")) | F56: =LEFT(H56,6) | G56: E | H56: M2826101432 | I56: EMBARKATION CHIEF | J56: SGT | K56: 0441 | L56: 0441 | M56: M | N56: E | O56: A | P56: A | R56: U | S56: M | U56: 0 | V56: 1 | W56: 0 | X56: 0 | Y56: 0 | Z56: 0 | AA56: 0 | AB56: 0 | AC56: 0 | AD56: 0 | AE56: 0 | AF56: 0 | AG56: 0 | AH56: 0 | AI56: 0 | AJ56: 0 | AK56: 0 | AL56: 0 | AM56: 0 | AP56: 1 | AQ56: A-M510 | AR56: 1CP
B57: =B56+1 | C57: 44112w | D57: 44112 | E57: =IF(D57="","",IFERROR(VLOOKUP(D57,CCN_Library!$A$4:$B$13,2,FALSE),"NOT IN LIBRARY")) | F57: =LEFT(H57,6) | G57: E | H57: M2826101433 | I57: LOGISTICS/EMBARKATION NCO | J57: CPL | K57: 0441 | L57: 0441 | M57: M | N57: E | O57: A | P57: A | R57: U | S57: M | U57: 0 | V57: 1 | W57: 0 | X57: 0 | Y57: 0 | Z57: 0 | AA57: 0 | AB57: 0 | AC57: 0 | AD57: 0 | AE57: 0 | AF57: 0 | AG57: 0 | AH57: 0 | AI57: 0 | AJ57: 0 | AK57: 0 | AL57: 0 | AM57: 0 | AP57: 1 | AQ57: A-M510 | AR57: 1CP
... B65: =B64+1 | C65: 44112w | D65: 44112 | E65: =IF(D65="","",IFERROR(VLOOKUP(D65,CCN_Library!$A$4:$B$13,2,FALSE),"NOT IN LIBRARY")) | F65: =LEFT(H65,6) | G65: E | H65: M2826101532 | I65: MARINE INTEGRATED MAINTENANCE MGMT SYS ADMIN CLERK | J65: SGT | K65: 0411 | L65: 0411 | M65: M | N65: E | O65: A | P65: A | R65: U | S65: M | U65: 0 | V65: 1 | W65: 0 | X65: 0 | Y65: 0 | Z65: 0 | AA65: 0 | AB65: 0 | AC65: 0 | AD65: 0 | AE65: 0 | AF65: 0 | AG65: 0 | AH65: 0 | AI65: 0 | AJ65: 0 | AK65: 0 | AL65: 0 | AM65: 0 | AP65: 1 | AQ65: A-M510 | AR65: 1CP
B66: =B65+1 | C66: 44112o | D66: 44112 | F66: =LEFT(H66,6) | G66: D | H66: M2826100620 | I66: SUPPLY SECTION | U66: 0 | V66: 0 | W66: 0 | X66: 0 | Y66: 0 | Z66: 0 | AA66: 0 | AB66: 0 | AC66: 0 | AD66: 0 | AE66: 0 | AF66: 0 | AG66: 0 | AH66: 0 | AI66: 0 | AJ66: 0 | AK66: 0 | AL66: 0 | AM66: 0
B67: =B66+1 | C67: 44112o | D67: 44112 | E67: =IF(D67="","",IFERROR(VLOOKUP(D67,CCN_Library!$A$4:$B$13,2,FALSE),"NOT IN LIBRARY")) | F67: =LEFT(H67,6) | G67: E | H67: M2826101437 | I67: SUPPLY CHIEF | J67: GYSGT | K67: 3043 | L67: 3043 | M67: M | N67: E | O67: A | P67: A | R67: U | S67: C | U67: 0 | V67: 1 | W67: 0 | X67: 0 | Y67: 0 | Z67: 0 | AA67: 0 | AB67: 0 | AC67: 0 | AD67: 0 | AE67: 0 | AF67: 0 | AG67: 0 | AH67: 0 | AI67: 0 | AJ67: 0 | AK67: 0 | AL67: 0 | AM67: 0 | AP67: 1 | AQ67: A-M510 | AR67: 1CP
B68: =B67+1 | C68: 44112w | D68: 44112 | E68: =IF(D68="","",IFERROR(VLOOKUP(D68,CCN_Library!$A$4:$B$13,2,FALSE),"NOT IN LIBRARY")) | F68: =LEFT(H68,6) | G68: E | H68: M2826101438 | I68: SUPPLY ADMIN CLERK | J68: CPL | K68: 3043 | L68: 3043 | M68: M | N68: E | O68: A | P68: A | R68: U | S68: M | U68: 0 | V68: 1 | W68: 0 | X68: 0 | Y68: 0 | Z68: 0 | AA68: 0 | AB68: 0 | AC68: 0 | AD68: 0 | AE68: 0 | AF68: 0 | AG68: 0 | AH68: 0 | AI68: 0 | AJ68: 0 | AK68: 0 | AL68: 0 | AM68: 0 | AP68: 1 | AQ68: A-M510 | AR68: 1CP
B69: =B68+1 | C69: 44112w | D69: 44112 | E69: =IF(D69="","",IFERROR(VLOOKUP(D69,CCN_Library!$A$4:$B$13,2,FALSE),"NOT IN LIBRARY")) | F69: =LEFT(H69,6) | G69: E | H69: M2826101439 | I69: SUPPLY ADMIN CLERK | J69: CPL | K69: 3043 | L69: 3043 | M69: M | N69: E | O69: A | P69: A | R69: U | S69: M | U69: 0 | V69: 1 | W69: 0 | X69: 0 | Y69: 0 | Z69: 0 | AA69: 0 | AB69: 0 | AC69: 0 | AD69: 0 | AE69: 0 | AF69: 0 | AG69: 0 | AH69: 0 | AI69: 0 | AJ69: 0 | AK69: 0 | AL69: 0 | AM69: 0 | AP69: 1 | AQ69: A-M510 | AR69: 1CP
B70: =B69+1 | C70: 44112w | D70: 44112 | E70: =IF(D70="","",IFERROR(VLOOKUP(D70,CCN_Library!$A$4:$B$13,2,FALSE),"NOT IN LIBRARY")) | F70: =LEFT(H70,6) | G70: E | H70: M2826101440 | I70: WAREHOUSE CLERK | J70: CPL | K70: 3051 | L70: 3051 | M70: M | N70: E | O70: A | P70: A | R70: U | S70: M | U70: 0 | V70: 1 | W70: 0 | X70: 0 | Y70: 0 | Z70: 0 | AA70: 0 | AB70: 0 | AC70: 0 | AD70: 0 | AE70: 0 | AF70: 0 | AG70: 0 | AH70: 0 | AI70: 0 | AJ70: 0 | AK70: 0 | AL70: 0 | AM70: 0 | AP70: 1 | AQ70: A-M510 | AR70: 1CP
B71: =B70+1 | C71: 44112w | D71: 44112 | E71: =IF(D71="","",IFERROR(VLOOKUP(D71,CCN_Library!$A$4:$B$13,2,FALSE),"NOT IN LIBRARY")) | F71: =LEFT(H71,6) | G71: E | H71: M2826101441 | I71: WAREHOUSE CLERK | J71: CPL | K71: 3051 | L71: 3051 | M71: M | N71: E | O71: A | P71: A | R71: U | S71: M | U71: 0 | V71: 1 | W71: 0 | X71: 0 | Y71: 0 | Z71: 0 | AA71: 0 | AB71: 0 | AC71: 0 | AD71: 0 | AE71: 0 | AF71: 0 | AG71: 0 | AH71: 0 | AI71: 0 | AJ71: 0 | AK71: 0 | AL71: 0 | AM71: 0 | AP71: 1 | AQ71: A-M510 | AR71: 1CP
B72: =B71+1 | C72: 21451o | D72: 21451 | F72: =LEFT(H72,6) | G72: D | H72: M2826100600 | I72: MOTOR TRANSPORT SECTION | U72: 0 | V72: 0 | W72: 0 | X72: 0 | Y72: 0 | Z72: 0 | AA72: 0 | AB72: 0 | AC72: 0 | AD72: 0 | AE72: 0 | AF72: 0 | AG72: 0 | AH72: 0 | AI72: 0 | AJ72: 0 | AK72: 0 | AL72: 0 | AM72: 0
B73: =B72+1 | C73: 21451o | D73: 21451 | E73: =IF(D73="","",IFERROR(VLOOKUP(D73,CCN_Library!$A$4:$B$13,2,FALSE),"NOT IN LIBRARY")) | F73: =LEFT(H73,6) | G73: E | H73: M2826101442 | I73: MOTOR TRANSPORT CHIEF | J73: GYSGT | K73: 3537 | L73: 3537 | M73: M | N73: E | O73: A | P73: A | R73: U | S73: C | U73: 0 | V73: 1 | W73: 0 | X73: 0 | Y73: 0 | Z73: 0 | AA73: 0 | AB73: 0 | AC73: 0 | AD73: 0 | AE73: 0 | AF73: 0 | AG73: 0 | AH73: 0 | AI73: 0 | AJ73: 0 | AK73: 0 | AL73: 0 | AM73: 0 | AP73: 1 | AQ73: A-M510 | AR73: 1CP
B74: =B73+1 | C74: 21451c | D74: 21451 | E74: =IF(D74="","",IFERROR(VLOOKUP(D74,CCN_Library!$A$4:$B$13,2,FALSE),"NOT IN LIBRARY")) | F74: =LEFT(H74,6) | G74: E | H74: M2826101446 | I74: MOTOR TRANSPORT OPERATOR | J74: LCPL | K74: 3531 | L74: 3531 | M74: M | N74: E | O74: A | P74: A | R74: U | S74: M | U74: 0 | V74: 1 | W74: 0 | X74: 0 | Y74: 0 | Z74: 0 | AA74: 0 | AB74: 0 | AC74: 0 | AD74: 0 | AE74: 0 | AF74: 0 | AG74: 0 | AH74: 0 | AI74: 0 | AJ74: 0 | AK74: 0 | AL74: 0 | AM74: 0 | AP74: 1 | AQ74: A-M510 | AR74: 1CP
B75: =B74+1 | C75: 21451c | D75: 21451 | E75: =IF(D75="","",IFERROR(VLOOKUP(D75,CCN_Library!$A$4:$B$13,2,FALSE),"NOT IN LIBRARY")) | F75: =LEFT(H75,6) | G75: E | H75: M2826101447 | I75: MOTOR TRANSPORT OPERATOR | J75: LCPL | K75: 3531 | L75: 3531 | M75: M | N75: E | O75: A | P75: A | R75: U | S75: M | U75: 0 | V75: 1 | W75: 0 | X75: 0 | Y75: 0 | Z75: 0 | AA75: 0 | AB75: 0 | AC75: 0 | AD75: 0 | AE75: 0 | AF75: 0 | AG75: 0 | AH75: 0 | AI75: 0 | AJ75: 0 | AK75: 0 | AL75: 0 | AM75: 0 | AP75: 1 | AQ75: A-M510 | AR75: 1CP
B76: =B75+1 | C76: 21451c | D76: 21451 | E76: =IF(D76="","",IFERROR(VLOOKUP(D76,CCN_Library!$A$4:$B$13,2,FALSE),"NOT IN LIBRARY")) | F76: =LEFT(H76,6) | G76: E | H76: M2826101448 | I76: MOTOR TRANSPORT OPERATOR | J76: LCPL | K76: 3531 | L76: 3531 | M76: M | N76: E | O76: A | P76: A | R76: U | S76: M | U76: 0 | V76: 1 | W76: 0 | X76: 0 | Y76: 0 | Z76: 0 | AA76: 0 | AB76: 0 | AC76: 0 | AD76: 0 | AE76: 0 | AF76: 0 | AG76: 0 | AH76: 0 | AI76: 0 | AJ76: 0 | AK76: 0 | AL76: 0 | AM76: 0 | AP76: 1 | AQ76: A-M510 | AR76: 1CP
B77: =B76+1 | C77: 21451c | D77: 21451 | E77: =IF(D77="","",IFERROR(VLOOKUP(D77,CCN_Library!$A$4:$B$13,2,FALSE),"NOT IN LIBRARY")) | F77: =LEFT(H77,6) | G77: E | H77: M2826101449 | I77: MOTOR TRANSPORT OPERATOR | J77: LCPL | K77: 3531 | L77: 3531 | M77: M | N77: E | O77: A | P77: A | R77: U | S77: M | U77: 0 | V77: 1 | W77: 0 | X77: 0 | Y77: 0 | Z77: 0 | AA77: 0 | AB77: 0 | AC77: 0 | AD77: 0 | AE77: 0 | AF77: 0 | AG77: 0 | AH77: 0 | AI77: 0 | AJ77: 0 | AK77: 0 | AL77: 0 | AM77: 0 | AP77: 1 | AQ77: A-M510 | AR77: 1CP
B78: =B77+1 | C78: 21451c | D78: 21451 | E78: =IF(D78="","",IFERROR(VLOOKUP(D78,CCN_Library!$A$4:$B$13,2,FALSE),"NOT IN LIBRARY")) | F78: =LEFT(H78,6) | G78: E | H78: M2826101450 | I78: MOTOR TRANSPORT OPERATOR | J78: LCPL | K78: 3531 | L78: 3531 | M78: M | N78: E | O78: A | P78: A | R78: U | S78: M | U78: 0 | V78: 1 | W78: 0 | X78: 0 | Y78: 0 | Z78: 0 | AA78: 0 | AB78: 0 | AC78: 0 | AD78: 0 | AE78: 0 | AF78: 0 | AG78: 0 | AH78: 0 | AI78: 0 | AJ78: 0 | AK78: 0 | AL78: 0 | AM78: 0 | AP78: 1 | AQ78: A-M510 | AR78: 1CP
B79: =B78+1 | C79: 21451c | D79: 21451 | E79: =IF(D79="","",IFERROR(VLOOKUP(D79,CCN_Library!$A$4:$B$13,2,FALSE),"NOT IN LIBRARY")) | F79: =LEFT(H79,6) | G79: E | H79: M2826101451 | I79: MOTOR TRANSPORT OPERATOR | J79: LCPL | K79: 3531 | L79: 3531 | M79: M | N79: E | O79: A | P79: A | R79: U | S79: M | U79: 0 | V79: 1 | W79: 0 | X79: 0 | Y79: 0 | Z79: 0 | AA79: 0 | AB79: 0 | AC79: 0 | AD79: 0 | AE79: 0 | AF79: 0 | AG79: 0 | AH79: 0 | AI79: 0 | AJ79: 0 | AK79: 0 | AL79: 0 | AM79: 0 | AP79: 1 | AQ79: A-M510 | AR79: 1CP
B80: =B79+1 | C80: 21451c | D80: 21451 | E80: =IF(D80="","",IFERROR(VLOOKUP(D80,CCN_Library!$A$4:$B$13,2,FALSE),"NOT IN LIBRARY")) | F80: =LEFT(H80,6) | G80: E | H80: M2826101452 | I80: MOTOR TRANSPORT OPERATOR | J80: LCPL | K80: 3531 | L80: 3531 | M80: M | N80: E | O80: A | P80: A | R80: U | S80: M | U80: 0 | V80: 1 | W80: 0 | X80: 0 | Y80: 0 | Z80: 0 | AA80: 0 | AB80: 0 | AC80: 0 | AD80: 0 | AE80: 0 | AF80: 0 | AG80: 0 | AH80: 0 | AI80: 0 | AJ80: 0 | AK80: 0 | AL80: 0 | AM80: 0 | AP80: 1 | AQ80: A-M510 | AR80: 1CP
B81: =B80+1 | C81: 21451c | D81: 21451 | E81: =IF(D81="","",IFERROR(VLOOKUP(D81,CCN_Library!$A$4:$B$13,2,FALSE),"NOT IN LIBRARY")) | F81: =LEFT(H81,6) | G81: E | H81: M2826101453 | I81: MOTOR TRANSPORT OPERATOR | J81: LCPL | K81: 3531 | L81: 3531 | M81: M | N81: E | O81: A | P81: A | R81: U | S81: M | U81: 0 | V81: 1 | W81: 0 | X81: 0 | Y81: 0 | Z81: 0 | AA81: 0 | AB81: 0 | AC81: 0 | AD81: 0 | AE81: 0 | AF81: 0 | AG81: 0 | AH81: 0 | AI81: 0 | AJ81: 0 | AK81: 0 | AL81: 0 | AM81: 0 | AP81: 1 | AQ81: A-M510 | AR81: 1CP
B82: =B81+1 | C82: 21451c | D82: 21451 | E82: =IF(D82="","",IFERROR(VLOOKUP(D82,CCN_Library!$A$4:$B$13,2,FALSE),"NOT IN LIBRARY")) | F82: =LEFT(H82,6) | G82: E | H82: M2826101454 | I82: MOTOR TRANSPORT OPERATOR | J82: LCPL | K82: 3531 | L82: 3531 | M82: M | N82: E | O82: A | P82: A | R82: U | S82: M | U82: 0 | V82: 1 | W82: 0 | X82: 0 | Y82: 0 | Z82: 0 | AA82: 0 | AB82: 0 | AC82: 0 | AD82: 0 | AE82: 0 | AF82: 0 | AG82: 0 | AH82: 0 | AI82: 0 | AJ82: 0 | AK82: 0 | AL82: 0 | AM82: 0 | AP82: 1 | AQ82: A-M510 | AR82: 1CP
B83: =B82+1 | C83: 21451c | D83: 21451 | E83: =IF(D83="","",IFERROR(VLOOKUP(D83,CCN_Library!$A$4:$B$13,2,FALSE),"NOT IN LIBRARY")) | F83: =LEFT(H83,6) | G83: E | H83: M2826101455 | I83: MOTOR TRANSPORT OPERATOR | J83: LCPL | K83: 3531 | L83: 3531 | M83: M | N83: E | O83: A | P83: A | R83: U | S83: M | U83: 0 | V83: 1 | W83: 0 | X83: 0 | Y83: 0 | Z83: 0 | AA83: 0 | AB83: 0 | AC83: 0 | AD83: 0 | AE83: 0 | AF83: 0 | AG83: 0 | AH83: 0 | AI83: 0 | AJ83: 0 | AK83: 0 | AL83: 0 | AM83: 0 | AP83: 1 | AQ83: A-M510 | AR83: 1CP
B84: =B83+1 | C84: 21451c | D84: 21451 | E84: =IF(D84="","",IFERROR(VLOOKUP(D84,CCN_Library!$A$4:$B$13,2,FALSE),"NOT IN LIBRARY")) | F84: =LEFT(H84,6) | G84: E | H84: M2826101456 | I84: MOTOR TRANSPORT OPERATOR | J84: LCPL | K84: 3531 | L84: 3531 | M84: M | N84: E | O84: A | P84: A | R84: U | S84: M | U84: 0 | V84: 1 | W84: 0 | X84: 0 | Y84: 0 | Z84: 0 | AA84: 0 | AB84: 0 | AC84: 0 | AD84: 0 | AE84: 0 | AF84: 0 | AG84: 0 | AH84: 0 | AI84: 0 | AJ84: 0 | AK84: 0 | AL84: 0 | AM84: 0 | AP84: 1 | AQ84: A-M510 | AR84: 1CP
... B95: =B94+1 | C95: 21451c | D95: 21451 | E95: =IF(D95="","",IFERROR(VLOOKUP(D95,CCN_Library!$A$4:$B$13,2,FALSE),"NOT IN LIBRARY")) | F95: =LEFT(H95,6) | G95: E | H95: M2826101471 | I95: AUTOMOTIVE MAINTENANCE TECHNICIAN | J95: LCPL | K95: 3521 | L95: 3521 | M95: M | N95: E | O95: A | P95: A | R95: U | S95: M | U95: 0 | V95: 1 | W95: 0 | X95: 0 | Y95: 0 | Z95: 0 | AA95: 0 | AB95: 0 | AC95: 0 | AD95: 0 | AE95: 0 | AF95: 0 | AG95: 0 | AH95: 0 | AI95: 0 | AJ95: 0 | AK95: 0 | AL95: 0 | AM95: 0 | AP95: 1 | AQ95: A-M510 | AR95: 1CP
B96: =B95+1 | C96: 21451o | D96: 21451 | F96: =LEFT(H96,6) | G96: D | H96: M2826100601 | I96: AMBULANCE SECTION | U96: 0 | V96: 0 | W96: 0 | X96: 0 | Y96: 0 | Z96: 0 | AA96: 0 | AB96: 0 | AC96: 0 | AD96: 0 | AE96: 0 | AF96: 0 | AG96: 0 | AH96: 0 | AI96: 0 | AJ96: 0 | AK96: 0 | AL96: 0 | AM96: 0
B97: =B96+1 | C97: 21451c | D97: 21451 | E97: =IF(D97="","",IFERROR(VLOOKUP(D97,CCN_Library!$A$4:$B$13,2,FALSE),"NOT IN LIBRARY")) | F97: =LEFT(H97,6) | G97: E | H97: M2826101472 | I97: MOTOR VEHICLE OPERATOR | J97: LCPL | K97: 3531 | L97: 3531 | M97: M | N97: E | O97: A | P97: A | R97: U | S97: M | U97: 0 | V97: 1 | W97: 0 | X97: 0 | Y97: 0 | Z97: 0 | AA97: 0 | AB97: 0 | AC97: 0 | AD97: 0 | AE97: 0 | AF97: 0 | AG97: 0 | AH97: 0 | AI97: 0 | AJ97: 0 | AK97: 0 | AL97: 0 | AM97: 0 | AP97: 1 | AQ97: A-M510 | AR97: 1CP
B98: =B97+1 | C98: 21451c | D98: 21451 | E98: =IF(D98="","",IFERROR(VLOOKUP(D98,CCN_Library!$A$4:$B$13,2,FALSE),"NOT IN LIBRARY")) | F98: =LEFT(H98,6) | G98: E | H98: M2826101473 | I98: MOTOR VEHICLE OPERATOR | J98: LCPL | K98: 3531 | L98: 3531 | M98: M | N98: E | O98: A | P98: A | R98: U | S98: M | U98: 0 | V98: 1 | W98: 0 | X98: 0 | Y98: 0 | Z98: 0 | AA98: 0 | AB98: 0 | AC98: 0 | AD98: 0 | AE98: 0 | AF98: 0 | AG98: 0 | AH98: 0 | AI98: 0 | AJ98: 0 | AK98: 0 | AL98: 0 | AM98: 0 | AP98: 1 | AQ98: A-M510 | AR98: 1CP
B99: =B98+1 | C99: 21451c | D99: 21451 | E99: =IF(D99="","",IFERROR(VLOOKUP(D99,CCN_Library!$A$4:$B$13,2,FALSE),"NOT IN LIBRARY")) | F99: =LEFT(H99,6) | G99: E | H99: M2826101474 | I99: MOTOR VEHICLE OPERATOR | J99: LCPL | K99: 3531 | L99: 3531 | M99: M | N99: E | O99: A | P99: A | R99: U | S99: M | U99: 0 | V99: 1 | W99: 0 | X99: 0 | Y99: 0 | Z99: 0 | AA99: 0 | AB99: 0 | AC99: 0 | AD99: 0 | AE99: 0 | AF99: 0 | AG99: 0 | AH99: 0 | AI99: 0 | AJ99: 0 | AK99: 0 | AL99: 0 | AM99: 0 | AP99: 1 | AQ99: A-M510 | AR99: 1CP
B100: =B99+1 | C100: 21451c | D100: 21451 | E100: =IF(D100="","",IFERROR(VLOOKUP(D100,CCN_Library!$A$4:$B$13,2,FALSE),"NOT IN LIBRARY")) | F100: =LEFT(H100,6) | G100: E | H100: M2826101475 | I100: MOTOR VEHICLE OPERATOR | J100: LCPL | K100: 3531 | L100: 3531 | M100: M | N100: E | O100: A | P100: A | R100: U | S100: M | U100: 0 | V100: 1 | W100: 0 | X100: 0 | Y100: 0 | Z100: 0 | AA100: 0 | AB100: 0 | AC100: 0 | AD100: 0 | AE100: 0 | AF100: 0 | AG100: 0 | AH100: 0 | AI100: 0 | AJ100: 0 | AK100: 0 | AL100: 0 | AM100: 0 | AP100: 1 | AQ100: A-M510 | AR100: 1CP
B101: =B100+1 | C101: 21451c | D101: 21451 | E101: =IF(D101="","",IFERROR(VLOOKUP(D101,CCN_Library!$A$4:$B$13,2,FALSE),"NOT IN LIBRARY")) | F101: =LEFT(H101,6) | G101: E | H101: M2826101476 | I101: MOTOR VEHICLE OPERATOR | J101: LCPL | K101: 3531 | L101: 3531 | M101: M | N101: E | O101: A | P101: A | R101: U | S101: M | U101: 0 | V101: 1 | W101: 0 | X101: 0 | Y101: 0 | Z101: 0 | AA101: 0 | AB101: 0 | AC101: 0 | AD101: 0 | AE101: 0 | AF101: 0 | AG101: 0 | AH101: 0 | AI101: 0 | AJ101: 0 | AK101: 0 | AL101: 0 | AM101: 0 | AP101: 1 | AQ101: A-M510 | AR101: 1CP
B102: =B101+1 | C102: 21451c | D102: 21451 | E102: =IF(D102="","",IFERROR(VLOOKUP(D102,CCN_Library!$A$4:$B$13,2,FALSE),"NOT IN LIBRARY")) | F102: =LEFT(H102,6) | G102: E | H102: M2826101477 | I102: MOTOR VEHICLE OPERATOR | J102: LCPL | K102: 3531 | L102: 3531 | M102: M | N102: E | O102: A | P102: A | R102: U | S102: M | U102: 0 | V102: 1 | W102: 0 | X102: 0 | Y102: 0 | Z102: 0 | AA102: 0 | AB102: 0 | AC102: 0 | AD102: 0 | AE102: 0 | AF102: 0 | AG102: 0 | AH102: 0 | AI102: 0 | AJ102: 0 | AK102: 0 | AL102: 0 | AM102: 0 | AP102: 1 | AQ102: A-M510 | AR102: 1CP
B103: =B102+1 | C103: 21451c | D103: 21451 | E103: =IF(D103="","",IFERROR(VLOOKUP(D103,CCN_Library!$A$4:$B$13,2,FALSE),"NOT IN LIBRARY")) | F103: =LEFT(H103,6) | G103: E | H103: M2826101478 | I103: MOTOR VEHICLE OPERATOR | J103: LCPL | K103: 3531 | L103: 3531 | M103: M | N103: E | O103: A | P103: A | R103: U | S103: M | U103: 0 | V103: 1 | W103: 0 | X103: 0 | Y103: 0 | Z103: 0 | AA103: 0 | AB103: 0 | AC103: 0 | AD103: 0 | AE103: 0 | AF103: 0 | AG103: 0 | AH103: 0 | AI103: 0 | AJ103: 0 | AK103: 0 | AL103: 0 | AM103: 0 | AP103: 1 | AQ103: A-M510 | AR103: 1CP
B104: =B103+1 | C104: 21451c | D104: 21451 | E104: =IF(D104="","",IFERROR(VLOOKUP(D104,CCN_Library!$A$4:$B$13,2,FALSE),"NOT IN LIBRARY")) | F104: =LEFT(H104,6) | G104: E | H104: M2826101479 | I104: MOTOR VEHICLE OPERATOR | J104: LCPL | K104: 3531 | L104: 3531 | M104: M | N104: E | O104: A | P104: A | R104: U | S104: M | U104: 0 | V104: 1 | W104: 0 | X104: 0 | Y104: 0 | Z104: 0 | AA104: 0 | AB104: 0 | AC104: 0 | AD104: 0 | AE104: 0 | AF104: 0 | AG104: 0 | AH104: 0 | AI104: 0 | AJ104: 0 | AK104: 0 | AL104: 0 | AM104: 0 | AP104: 1 | AQ104: A-M510 | AR104: 1CP
B105: =B104+1 | C105: 21451c | D105: 21451 | E105: =IF(D105="","",IFERROR(VLOOKUP(D105,CCN_Library!$A$4:$B$13,2,FALSE),"NOT IN LIBRARY")) | F105: =LEFT(H105,6) | G105: E | H105: M2826101480 | I105: MOTOR VEHICLE OPERATOR | J105: LCPL | K105: 3531 | L105: 3531 | M105: M | N105: E | O105: A | P105: A | R105: U | S105: M | U105: 0 | V105: 1 | W105: 0 | X105: 0 | Y105: 0 | Z105: 0 | AA105: 0 | AB105: 0 | AC105: 0 | AD105: 0 | AE105: 0 | AF105: 0 | AG105: 0 | AH105: 0 | AI105: 0 | AJ105: 0 | AK105: 0 | AL105: 0 | AM105: 0 | AP105: 1 | AQ105: A-M510 | AR105: 1CP
B106: =B105+1 | C106: 21451o | D106: 21451 | F106: =LEFT(H106,6) | G106: D | H106: M2826100602 | I106: UTILITIES SECTION | U106: 0 | V106: 0 | W106: 0 | X106: 0 | Y106: 0 | Z106: 0 | AA106: 0 | AB106: 0 | AC106: 0 | AD106: 0 | AE106: 0 | AF106: 0 | AG106: 0 | AH106: 0 | AI106: 0 | AJ106: 0 | AK106: 0 | AL106: 0 | AM106: 0
B107: =B106+1 | C107: 21451o | D107: 21451 | E107: =IF(D107="","",IFERROR(VLOOKUP(D107,CCN_Library!$A$4:$B$13,2,FALSE),"NOT IN LIBRARY")) | F107: =LEFT(H107,6) | G107: E | H107: M2826101481 | I107: UTILITIES/ENGINEERING CHIEF | J107: GYSGT | K107: 1169 | L107: 1169 | M107: M | N107: E | O107: A | P107: A | R107: U | S107: C | U107: 0 | V107: 1 | W107: 0 | X107: 0 | Y107: 0 | Z107: 0 | AA107: 0 | AB107: 0 | AC107: 0 | AD107: 0 | AE107: 0 | AF107: 0 | AG107: 0 | AH107: 0 | AI107: 0 | AJ107: 0 | AK107: 0 | AL107: 0 | AM107: 0 | AP107: 1 | AQ107: A-M510 | AR107: 1CP
B108: =B107+1 | C108: 21451c | D108: 21451 | E108: =IF(D108="","",IFERROR(VLOOKUP(D108,CCN_Library!$A$4:$B$13,2,FALSE),"NOT IN LIBRARY")) | F108: =LEFT(H108,6) | G108: E | H108: M2826101482 | I108: REFRIGERATION MECHANIC | J108: SGT | K108: 1161 | L108: 1161 | M108: M | N108: E | O108: A | P108: A | R108: U | S108: M | U108: 0 | V108: 1 | W108: 0 | X108: 0 | Y108: 0 | Z108: 0 | AA108: 0 | AB108: 0 | AC108: 0 | AD108: 0 | AE108: 0 | AF108: 0 | AG108: 0 | AH108: 0 | AI108: 0 | AJ108: 0 | AK108: 0 | AL108: 0 | AM108: 0 | AP108: 1 | AQ108: A-M510 | AR108: 1CP
B109: =B108+1 | C109: 21451c | D109: 21451 | E109: =IF(D109="","",IFERROR(VLOOKUP(D109,CCN_Library!$A$4:$B$13,2,FALSE),"NOT IN LIBRARY")) | F109: =LEFT(H109,6) | G109: E | H109: M2826101484 | I109: ELECTRICAL EQUIPMENT REPAIR TECHNICIAN | J109: CPL | K109: 1142 | L109: 1142 | M109: M | N109: E | O109: A | P109: A | R109: U | S109: M | U109: 0 | V109: 1 | W109: 0 | X109: 0 | Y109: 0 | Z109: 0 | AA109: 0 | AB109: 0 | AC109: 0 | AD109: 0 | AE109: 0 | AF109: 0 | AG109: 0 | AH109: 0 | AI109: 0 | AJ109: 0 | AK109: 0 | AL109: 0 | AM109: 0 | AP109: 1 | AQ109: A-M510 | AR109: 1CP
B110: =B109+1 | C110: 21451c | D110: 21451 | E110: =IF(D110="","",IFERROR(VLOOKUP(D110,CCN_Library!$A$4:$B$13,2,FALSE),"NOT IN LIBRARY")) | F110: =LEFT(H110,6) | G110: E | H110: M2826101488 | I110: ELECTRICIAN | J110: SGT | K110: 1141 | L110: 1141 | M110: M | N110: E | O110: A | P110: A | R110: U | S110: M | U110: 0 | V110: 1 | W110: 0 | X110: 0 | Y110: 0 | Z110: 0 | AA110: 0 | AB110: 0 | AC110: 0 | AD110: 0 | AE110: 0 | AF110: 0 | AG110: 0 | AH110: 0 | AI110: 0 | AJ110: 0 | AK110: 0 | AL110: 0 | AM110: 0 | AP110: 1 | AQ110: A-M510 | AR110: 1CP
B111: =B110+1 | C111: 21451c | D111: 21451 | E111: =IF(D111="","",IFERROR(VLOOKUP(D111,CCN_Library!$A$4:$B$13,2,FALSE),"NOT IN LIBRARY")) | F111: =LEFT(H111,6) | G111: E | H111: M2826101489 | I111: ELECTRICIAN | J111: CPL | K111: 1141 | L111: 1141 | M111: M | N111: E | O111: A | P111: A | R111: U | S111: M | U111: 0 | V111: 1 | W111: 0 | X111: 0 | Y111: 0 | Z111: 0 | AA111: 0 | AB111: 0 | AC111: 0 | AD111: 0 | AE111: 0 | AF111: 0 | AG111: 0 | AH111: 0 | AI111: 0 | AJ111: 0 | AK111: 0 | AL111: 0 | AM111: 0 | AP111: 1 | AQ111: A-M510 | AR111: 1CP
B112: =B111+1 | C112: 61072o | D112: 61072 | F112: =LEFT(H112,6) | G112: D | H112: M2826101064 | I112: CHAPLAIN SECTION | U112: 0 | V112: 0 | W112: 0 | X112: 0 | Y112: 0 | Z112: 0 | AA112: 0 | AB112: 0 | AC112: 0 | AD112: 0 | AE112: 0 | AF112: 0 | AG112: 0 | AH112: 0 | AI112: 0 | AJ112: 0 | AK112: 0 | AL112: 0 | AM112: 0
B113: =B112+1 | C113: 61072o | D113: 61072 | E113: =IF(D113="","",IFERROR(VLOOKUP(D113,CCN_Library!$A$4:$B$13,2,FALSE),"NOT IN LIBRARY")) | F113: =LEFT(H113,6) | G113: E | H113: M2826101065 | I113: SUPV CHAPLAIN | J113: LCDR | K113: 4100 | L113: 4100 | M113: N | N113: O | O113: A | P113: A | R113: U | S113: U | U113: 0 | V113: 0 | W113: 0 | X113: 0 | Y113: 0 | Z113: 1 | AA113: 0 | AB113: 0 | AC113: 0 | AD113: 0 | AE113: 0 | AF113: 0 | AG113: 0 | AH113: 0 | AI113: 0 | AJ113: 0 | AK113: 0 | AL113: 0 | AM113: 0 | AP113: 1 | AQ113: A-M510 | AR113: 1CP
B114: =B113+1 | C114: 61072c | D114: 61072 | E114: =IF(D114="","",IFERROR(VLOOKUP(D114,CCN_Library!$A$4:$B$13,2,FALSE),"NOT IN LIBRARY")) | F114: =LEFT(H114,6) | G114: E | H114: M2826101066 | I114: REL PROG SPEC | J114: RP2 | K114: A17A | L114: A17A | M114: N | N114: E | O114: A | P114: A | R114: U | S114: C | U114: 0 | V114: 0 | W114: 0 | X114: 0 | Y114: 0 | Z114: 0 | AA114: 1 | AB114: 0 | AC114: 0 | AD114: 0 | AE114: 0 | AF114: 0 | AG114: 0 | AH114: 0 | AI114: 0 | AJ114: 0 | AK114: 0 | AL114: 0 | AM114: 0 | AP114: 1 | AQ114: A-M510 | AR114: 1CP
B115: =B114+1 | C115: 61073o | D115: 61073 | F115: =LEFT(H115,6) | G115: D | H115: M2826101067 | I115: PREVENTIVE MED SECTION | U115: 0 | V115: 0 | W115: 0 | X115: 0 | Y115: 0 | Z115: 0 | AA115: 0 | AB115: 0 | AC115: 0 | AD115: 0 | AE115: 0 | AF115: 0 | AG115: 0 | AH115: 0 | AI115: 0 | AJ115: 0 | AK115: 0 | AL115: 0 | AM115: 0
B116: =B115+1 | C116: 61073o | D116: 61073 | E116: =IF(D116="","",IFERROR(VLOOKUP(D116,CCN_Library!$A$4:$B$13,2,FALSE),"NOT IN LIBRARY")) | F116: =LEFT(H116,6) | G116: E | H116: M2826101578 | I116: INTERNIST | J116: CDR | K116: 2100 | L116: 2100 | M116: N | N116: O | O116: A | P116: A | R116: U | S116: P | U116: 0 | V116: 0 | W116: 0 | X116: 0 | Y116: 0 | Z116: 1 | AA116: 0 | AB116: 0 | AC116: 0 | AD116: 0 | AE116: 0 | AF116: 0 | AG116: 0 | AH116: 0 | AI116: 0 | AJ116: 0 | AK116: 0 | AL116: 0 | AM116: 0 | AP116: 1 | AQ116: A-M510 | AR116: 1CP
B117: =B116+1 | C117: 61073o | D117: 61073 | E117: =IF(D117="","",IFERROR(VLOOKUP(D117,CCN_Library!$A$4:$B$13,2,FALSE),"NOT IN LIBRARY")) | F117: =LEFT(H117,6) | G117: E | H117: M2826101579 | I117: ENVR HLT OFF | J117: LCDR | K117: 2300 | L117: 2300 | M117: N | N117: O | O117: A | P117: A | R117: U | S117: P | U117: 0 | V117: 0 | W117: 0 | X117: 0 | Y117: 0 | Z117: 1 | AA117: 0 | AB117: 0 | AC117: 0 | AD117: 0 | AE117: 0 | AF117: 0 | AG117: 0 | AH117: 0 | AI117: 0 | AJ117: 0 | AK117: 0 | AL117: 0 | AM117: 0 | AP117: 1 | AQ117: A-M510 | AR117: 1CP
B118: =B117+1 | C118: 61073o | D118: 61073 | E118: =IF(D118="","",IFERROR(VLOOKUP(D118,CCN_Library!$A$4:$B$13,2,FALSE),"NOT IN LIBRARY")) | F118: =LEFT(H118,6) | G118: E | H118: M2826101070 | I118: ENVR HLT OFF | J118: LTJG | K118: 2300 | L118: 2300 | M118: N | N118: O | O118: A | P118: A | R118: U | S118: P | U118: 0 | V118: 0 | W118: 0 | X118: 0 | Y118: 0 | Z118: 1 | AA118: 0 | AB118: 0 | AC118: 0 | AD118: 0 | AE118: 0 | AF118: 0 | AG118: 0 | AH118: 0 | AI118: 0 | AJ118: 0 | AK118: 0 | AL118: 0 | AM118: 0 | AP118: 1 | AQ118: A-M510 | AR118: 1CP
B119: =B118+1 | C119: 61073o | D119: 61073 | E119: =IF(D119="","",IFERROR(VLOOKUP(D119,CCN_Library!$A$4:$B$13,2,FALSE),"NOT IN LIBRARY")) | F119: =LEFT(H119,6) | G119: E | H119: M2826101071 | I119: ENVR HLT OFF | J119: LTJG | K119: 2300 | L119: 2300 | M119: N | N119: O | O119: A | P119: A | R119: U | S119: P | U119: 0 | V119: 0 | W119: 0 | X119: 0 | Y119: 0 | Z119: 1 | AA119: 0 | AB119: 0 | AC119: 0 | AD119: 0 | AE119: 0 | AF119: 0 | AG119: 0 | AH119: 0 | AI119: 0 | AJ119: 0 | AK119: 0 | AL119: 0 | AM119: 0 | AP119: 1 | AQ119: A-M510 | AR119: 1CP
...

Sheet TE
B1: ROW | C1: NOTE | D1: CCN | E1: CCN Description | F1: CCN 21451 Equipment Type (if applicable) | G1: UIC | H1: TAMCN Short | I1: TAMCN | J1: Nomenclature (Name - Model) | K1: TAM Stat | L1: U/I | M1: Rdy | N1: Ind Qty | O1: Org Qty | P1: Unit T/E | Q1: L, Ft | R1: W, Ft | S1: H, Ft | T1: Volume Ea, ft3 | U1: Volume Total, ft3
B2: 3 | C2: 14345 | D2: 14345 | E2: =IF(D2="","",IFERROR(VLOOKUP(D2,CCN_Library!$A$4:$B$13,2,FALSE),"NOT IN LIBRARY")) | G2: M28261 | H2: =LEFT(I2,5) | I2: E00302M | J2: PISTOL,9 MILLIMETER-M18 | K2: IS | L2: EA | M2: N | N2: 99 | O2: 12 | P2: 111 | Q2: 0.6 | R2: 0.13 | S2: 0.13 | T2: =Q2*R2*S2 | U2: =T2*P2
B3: 4 | C3: 44112 | D3: 44112 | E3: =IF(D3="","",IFERROR(VLOOKUP(D3,CCN_Library!$A$4:$B$13,2,FALSE),"NOT IN LIBRARY")) | G3: M28261 | H3: =LEFT(I3,5) | I3: K00012B | J3: CHARGER,BATTERY-PCWV+ | K3: IS | L3: EA | M3: N | N3: 0 | O3: 2 | P3: 2 | Q3: 0.96 | R3: 0.85 | S3: 0.58 | T3: =Q3*R3*S3 | U3: =T3*P3
B4: 5 | C4: 21710 | D4: 21710 | E4: =IF(D4="","",IFERROR(VLOOKUP(D4,CCN_Library!$A$4:$B$13,2,FALSE),"NOT IN LIBRARY")) | G4: M28261 | H4: =LEFT(I4,5) | I4: A20427G | J4: RADIO SET-AN/PRC-150 (C) | K4: DP | L4: EA | M4: N | N4: 0 | O4: 3 | P4: 3 | Q4: 1.12 | R4: 0.87 | S4: 0.25 | T4: =Q4*R4*S4 | U4: =T4*P4
B5: 11 | C5: 44112 | D5: 44112 | E5: =IF(D5="","",IFERROR(VLOOKUP(D5,CCN_Library!$A$4:$B$13,2,FALSE),"NOT IN LIBRARY")) | G5: M28261 | H5: =LEFT(I5,5) | I5: C30202E | J5: INSERTS,ENHANCED SM- CO/PD 04-10 | K5: IS | L5: EA | M5: N | N5: 610 | O5: 0 | P5: 610 | Q5: 1.17 | R5: 1.17 | S5: 0.08 | T5: =Q5*R5*S5 | U5: =T5*P5
B6: 12 | C6: 44112 | D6: 44112 | E6: =IF(D6="","",IFERROR(VLOOKUP(D6,CCN_Library!$A$4:$B$13,2,FALSE),"NOT IN LIBRARY")) | G6: M28261 | H6: =LEFT(I6,5) | I6: C34232E | J6: STAND,CANTEEN CUP-MIL-S-44221 | K6: IS | L6: EA | M6: N | N6: 305 | O6: 0 | P6: 305 | Q6: 0.17 | R6: 0.33 | S6: 0.25 | T6: =Q6*R6*S6 | U6: =T6*P6
B7: 16 | C7: 14345 | D7: 14345 | E7: =IF(D7="","",IFERROR(VLOOKUP(D7,CCN_Library!$A$4:$B$13,2,FALSE),"NOT IN LIBRARY")) | G7: M28261 | H7: =LEFT(I7,5) | I7: E01902M | J7: CARBINE,5.56 MILLIM-M4A1 | K7: IS | L7: EA | M7: N | N7: 0 | O7: 0 | P7: 0 | Q7: 2.75 | R7: 0.17 | S7: 0.75 | T7: =Q7*R7*S7 | U7: =T7*P7
B8: 19 | C8: 14345 | D8: 14345 | E8: =IF(D8="","",IFERROR(VLOOKUP(D8,CCN_Library!$A$4:$B$13,2,FALSE),"NOT IN LIBRARY")) | G8: M28261 | H8: =LEFT(I8,5) | I8: E28292E | J8: TOOL KIT,ORGANIZATI- | K8: IS | L8: EA | M8: N | N8: 0 | O8: 1 | P8: 1 | Q8: 1 | R8: 0.5 | S8: 0.58 | T8: =Q8*R8*S8 | U8: =T8*P8
B9: 20 | C9: 44112 | D9: 44112 | E9: =IF(D9="","",IFERROR(VLOOKUP(D9,CCN_Library!$A$4:$B$13,2,FALSE),"NOT IN LIBRARY")) | G9: M28261 | H9: =LEFT(I9,5) | I9: K41282E | J9: CAN,MILITARY- | K9: IS | L9: EA | M9: N | N9: 0 | O9: 52 | P9: 52 | Q9: 0 | R9: 0 | S9: 0 | T9: =Q9*R9*S9 | U9: =T9*P9
B10: 21 | C10: 44112 | D10: 44112 | E10: =IF(D10="","",IFERROR(VLOOKUP(D10,CCN_Library!$A$4:$B$13,2,FALSE),"NOT IN LIBRARY")) | G10: M28261 | H10: =LEFT(I10,5) | I10: K42362E | J10: COT,FOLDING-2-5-72 | K10: IS | L10: EA | M10: N | N10: 0 | O10: 168 | P10: 168 | Q10: 2 | R10: 0.5 | S10: 0.33 | T10: =Q10*R10*S10 | U10: =T10*P10
B11: 23 | C11: 44112 | D11: 44112 | E11: =IF(D11="","",IFERROR(VLOOKUP(D11,CCN_Library!$A$4:$B$13,2,FALSE),"NOT IN LIBRARY")) | G11: M28261 | H11: =LEFT(I11,5) | I11: K49592E | J11: TABLE,FOLDING LEGS- MILT3338 | K11: IS | L11: EA | M11: N | N11: 0 | O11: 12 | P11: 12 | Q11: 5.83 | R11: 3 | S11: 0.33 | T11: =Q11*R11*S11 | U11: =T11*P11
B12: 30 | C12: 44112 | D12: 44112 | E12: =IF(D12="","",IFERROR(VLOOKUP(D12,CCN_Library!$A$4:$B$13,2,FALSE),"NOT IN LIBRARY")) | G12: M28261 | H12: =LEFT(I12,5) | I12: C79112B | J12: SHOP EQUIPMENT,UTIL-USMC24-1000 | K12: IS | L12: EA | M12: N | N12: 0 | O12: 1 | P12: 1 | Q12: 4.83 | R12: 2.75 | S12: 5.41 | T12: =Q12*R12*S12 | U12: =T12*P12
B13: 34 | C13: 44112 | D13: 44112 | E13: =IF(D13="","",IFERROR(VLOOKUP(D13,CCN_Library!$A$4:$B$13,2,FALSE),"NOT IN LIBRARY")) | G13: M28261 | H13: =LEFT(I13,5) | I13: C11202F | J13: GLOVE INSERTS,COLD-70113 | K13: IS | L13: PR | M13: N | N13: 610 | O13: 540 | P13: 1150 | Q13: 1 | R13: 0.5 | S13: 0.08 | T13: =Q13*R13*S13 | U13: =T13*P13
... B23: 58 | C23: 21710 | D23: 21710 | E23: =IF(D23="","",IFERROR(VLOOKUP(D23,CCN_Library!$A$4:$B$13,2,FALSE),"NOT IN LIBRARY")) | G23: M28261 | H23: =LEFT(I23,5) | I23: A01357G | J23: RADIO SET-AN/VRC-112 | K23: DP | L23: EA | M23: N | N23: 0 | O23: 26 | P23: 26 | Q23: 0.89 | R23: 0.62 | S23: 0.89 | T23: =Q23*R23*S23 | U23: =T23*P23
B24: 63 | C24: 21710 | D24: 21710 | E24: =IF(D24="","",IFERROR(VLOOKUP(D24,CCN_Library!$A$4:$B$13,2,FALSE),"NOT IN LIBRARY")) | G24: M28261 | H24: =LEFT(I24,5) | I24: A80017GA | J24: ENCRYPTION-DECRYPTI-KGV-72 | K24: IS | L24: EA | N24: 0 | O24: 30 | P24: 30 | Q24: 0.67 | R24: 0.25 | S24: 0.42 | T24: =Q24*R24*S24 | U24: =T24*P24
B25: 65 | C25: 21710 | D25: 21710 | E25: =IF(D25="","",IFERROR(VLOOKUP(D25,CCN_Library!$A$4:$B$13,2,FALSE),"NOT IN LIBRARY")) | G25: M28261 | H25: =LEFT(I25,5) | I25: A00227G | J25: COMPUTER SYSTEM,DIG-16007A0000 | K25: IS | L25: EA | M25: N | N25: 0 | O25: 30 | P25: 30 | Q25: 1.75 | R25: 1.42 | S25: 1.42 | T25: =Q25*R25*S25 | U25: =T25*P25
B26: 70 | C26: 21451 | D26: 21451 | E26: =IF(D26="","",IFERROR(VLOOKUP(D26,CCN_Library!$A$4:$B$13,2,FALSE),"NOT IN LIBRARY")) | G26: M28261 | H26: =LEFT(I26,5) | I26: D00062B | J26: SPECIAL TOOL KIT,FI-4406836 | K26: IS | M26: N | N26: 0 | O26: 1 | P26: 1 | S26: 0 | T26: =Q26*R26*S26 | U26: =T26*P26
B27: 74 | C27: 14345 | D27: 14345 | E27: =IF(D27="","",IFERROR(VLOOKUP(D27,CCN_Library!$A$4:$B$13,2,FALSE),"NOT IN LIBRARY")) | G27: M28261 | H27: =LEFT(I27,5) | I27: E02022B | J27: TELESCOPE,STRAIGHT-M317 | K27: IS | L27: EA | M27: R | N27: 0 | O27: 0 | P27: 0 | S27: 0 | T27: =Q27*R27*S27 | U27: =T27*P27
B28: 76 | C28: 14312 | D28: 14312 | E28: =IF(D28="","",IFERROR(VLOOKUP(D28,CCN_Library!$A$4:$B$13,2,FALSE),"NOT IN LIBRARY")) | G28: M28261 | H28: =LEFT(I28,5) | I28: B07307B | J28: GENERATOR SET,DIESE-MEP831A | K28: IS | L28: EA | M28: M | N28: 0 | O28: 21 | P28: 21 | Q28: 2.9 | R28: 2.32 | S28: 2.21 | T28: =Q28*R28*S28 | U28: =T28*P28
B29: 77 | C29: 14345 | D29: 14345 | E29: =IF(D29="","",IFERROR(VLOOKUP(D29,CCN_Library!$A$4:$B$13,2,FALSE),"NOT IN LIBRARY")) | G29: M28261 | H29: =LEFT(I29,5) | I29: E00172B | J29: SIGHT,BORE,OPTICAL-M7 | K29: IS | L29: EA | M29: N | N29: 143 | O29: 0 | P29: 143 | Q29: 0.5 | R29: 0.17 | S29: 0.08 | T29: =Q29*R29*S29 | U29: =T29*P29
B30: 79 | C30: 44112 | D30: 44112 | E30: =IF(D30="","",IFERROR(VLOOKUP(D30,CCN_Library!$A$4:$B$13,2,FALSE),"NOT IN LIBRARY")) | G30: M28261 | H30: =LEFT(I30,5) | I30: C30602E | J30: CANTEEN,WATER-MIL-C-43103 | K30: IS | L30: EA | M30: N | N30: 610 | O30: 0 | P30: 610 | Q30: 0.08 | R30: 0.25 | S30: 0.42 | T30: =Q30*R30*S30 | U30: =T30*P30
B31: 85 | C31: 14345 | D31: 14345 | E31: =IF(D31="","",IFERROR(VLOOKUP(D31,CCN_Library!$A$4:$B$13,2,FALSE),"NOT IN LIBRARY")) | G31: M28261 | H31: =LEFT(I31,5) | I31: C32502E | J31: KNIFE,COMBAT-MIL-K-20277 | K31: IS | L31: EA | M31: N | N31: 0 | O31: 0 | P31: 0 | Q31: 0.75 | R31: 0.17 | S31: 0.08 | T31: =Q31*R31*S31 | U31: =T31*P31
B32: 87 | C32: 21451 | D32: 21451 | E32: =IF(D32="","",IFERROR(VLOOKUP(D32,CCN_Library!$A$4:$B$13,2,FALSE),"NOT IN LIBRARY")) | G32: M28261 | H32: =LEFT(I32,5) | I32: D00012BA | J32: ACCESSORY KIT,VEHIC-57K8831 | K32: PL | L32: EA | N32: 0 | O32: 4 | P32: 4 | S32: 0 | T32: =Q32*R32*S32 | U32: =T32*P32
B33: 88 | C33: 44112 | D33: 44112 | E33: =IF(D33="","",IFERROR(VLOOKUP(D33,CCN_Library!$A$4:$B$13,2,FALSE),"NOT IN LIBRARY")) | G33: M28261 | H33: =LEFT(I33,5) | I33: C86148A | J33: X-RAY EQUIP AMAL627-W | K33: IS | M33: N | N33: 0 | O33: 2 | P33: 2 | Q33: 5.58 | R33: 2.42 | S33: 2.33 | T33: =Q33*R33*S33 | U33: =T33*P33
B34: 89 | C34: 44112 | D34: 44112 | E34: =IF(D34="","",IFERROR(VLOOKUP(D34,CCN_Library!$A$4:$B$13,2,FALSE),"NOT IN LIBRARY")) | G34: M28261 | H34: =LEFT(I34,5) | I34: C86248A | J34: AMAL 631 SURGICAL T-AMAL 631 | K34: IS | M34: R | N34: 0 | O34: 2 | P34: 2 | Q34: 8 | R34: 4.58 | S34: 5 | T34: =Q34*R34*S34 | U34: =T34*P34
B35: 97 | C35: 44112 | D35: 44112 | E35: =IF(D35="","",IFERROR(VLOOKUP(D35,CCN_Library!$A$4:$B$13,2,FALSE),"NOT IN LIBRARY")) | G35: M28261 | H35: =LEFT(I35,5) | I35: K49572E | J35: -34" | K35: IS | M35: N | N35: 0 | O35: 13 | P35: 13 | Q35: 2.83 | R35: 0.33 | S35: 0.17 | T35: =Q35*R35*S35 | U35: =T35*P35
B36: 101 | C36: 44112 | D36: 44112 | E36: =IF(D36="","",IFERROR(VLOOKUP(D36,CCN_Library!$A$4:$B$13,2,FALSE),"NOT IN LIBRARY")) | G36: M28261 | H36: =LEFT(I36,5) | I36: B00277B | J36: PANEL,POWER DISTRIB-5KW INDOOR | K36: IS | L36: EA | M36: R | N36: 0 | O36: 6 | P36: 6 | Q36: 1.58 | R36: 1.5 | S36: 1.17 | T36: =Q36*R36*S36 | U36: =T36*P36
B37: 105 | C37: 44112 | D37: 44112 | E37: =IF(D37="","",IFERROR(VLOOKUP(D37,CCN_Library!$A$4:$B$13,2,FALSE),"NOT IN LIBRARY")) | G37: M28261 | H37: =LEFT(I37,5) | I37: C21502F | J37: GLOVE INSERTS,NUCLE-DSSPM330-01 | K37: IS | L37: PR | M37: N | N37: 610 | O37: 0 | P37: 610 | Q37: 1.67 | R37: 0.67 | S37: 0.17 | T37: =Q37*R37*S37 | U37: =T37*P37
B38: 106 | C38: 21451 | D38: 21451 | E38: =IF(D38="","",IFERROR(VLOOKUP(D38,CCN_Library!$A$4:$B$13,2,FALSE),"NOT IN LIBRARY")) | G38: M28261 | H38: =LEFT(I38,5) | I38: D00037K | J38: TRUCK,ARMORED,CARGO-AMK23A1 | K38: IS | L38: EA | M38: R | N38: 0 | O38: 4 | P38: 4 | Q38: 26.24 | R38: 8.16 | S38: 8.16 | T38: =Q38*R38*S38 | U38: =T38*P38
B39: 107 | C39: 44112 | D39: 44112 | E39: =IF(D39="","",IFERROR(VLOOKUP(D39,CCN_Library!$A$4:$B$13,2,FALSE),"NOT IN LIBRARY")) | G39: M28261 | H39: =LEFT(I39,5) | I39: C21702E | J39: SPECTACLES,INDUSTRI- | K39: IS | L39: EA | M39: N | N39: 305 | O39: 0 | P39: 305 | Q39: 0.58 | R39: 0.33 | S39: 0.25 | T39: =Q39*R39*S39 | U39: =T39*P39
B40: 116 | C40: 44112 | D40: 44112 | E40: =IF(D40="","",IFERROR(VLOOKUP(D40,CCN_Library!$A$4:$B$13,2,FALSE),"NOT IN LIBRARY")) | G40: M28261 | H40: =LEFT(I40,5) | I40: B00087B | J40: AIR CONDITIONER-GL0583ZAADWYX11 | K40: IS | L40: EA | M40: R | N40: 0 | O40: 2 | P40: 2 | Q40: 3.97 | R40: 3.08 | S40: 3.95 | T40: =Q40*R40*S40 | U40: =T40*P40
B41: 118 | C41: 14345 | D41: 14345 | E41: =IF(D41="","",IFERROR(VLOOKUP(D41,CCN_Library!$A$4:$B$13,2,FALSE),"NOT IN LIBRARY")) | G41: M28261 | H41: =LEFT(I41,5) | I41: K42222E | J41: COMPASS,MAGNETIC,UN-S AND Y 183 | K41: IS | L41: EA | M41: N | N41: 0 | O41: 8 | P41: 8 | Q41: 0.25 | R41: 0.25 | S41: 0.08 | T41: =Q41*R41*S41 | U41: =T41*P41
B42: 123 | C42: 44112 | D42: 44112 | E42: =IF(D42="","",IFERROR(VLOOKUP(D42,CCN_Library!$A$4:$B$13,2,FALSE),"NOT IN LIBRARY")) | G42: M28261 | H42: =LEFT(I42,5) | I42: C01692F | J42: MAT,SLEEPING-ISM | K42: IS | L42: EA | M42: N | N42: 305 | O42: 0 | P42: 305 | Q42: 0 | R42: 0 | S42: 0 | T42: =Q42*R42*S42 | U42: =T42*P42
B43: 124 | C43: 14345 | D43: 14345 | E43: =IF(D43="","",IFERROR(VLOOKUP(D43,CCN_Library!$A$4:$B$13,2,FALSE),"NOT IN LIBRARY")) | G43: M28261 | H43: =LEFT(I43,5) | I43: E79007B | J43: TOOL KIT,SMALL ARMS-TK-2111A | K43: IS | L43: KT | M43: N | N43: 0 | O43: 2 | P43: 2 | Q43: 2.08 | R43: 1.67 | S43: 1 | T43: =Q43*R43*S43 | U43: =T43*P43
B44: 125 | C44: 44112 | D44: 44112 | E44: =IF(D44="","",IFERROR(VLOOKUP(D44,CCN_Library!$A$4:$B$13,2,FALSE),"NOT IN LIBRARY")) | G44: M28261 | H44: =LEFT(I44,5) | I44: C54402F | J44: FIELD PACK-F190186393 | K44: IS | L44: EA | M44: N | N44: 305 | O44: 0 | P44: 305 | Q44: 1.33 | R44: 0.67 | S44: 1 | T44: =Q44*R44*S44 | U44: =T44*P44
B45: 126 | C45: 21451 | D45: 21451 | E45: =IF(D45="","",IFERROR(VLOOKUP(D45,CCN_Library!$A$4:$B$13,2,FALSE),"NOT IN LIBRARY")) | G45: M28261 | H45: =LEFT(I45,5) | I45: D00457K | J45: TRUCK,UTILITY-M1280A1 | K45: IS | L45: EA | M45: R | N45: 0 | O45: 4 | P45: 4 | S45: 0 | T45: =Q45*R45*S45 | U45: =T45*P45
B46: 128 | C46: 44112 | D46: 44112 | E46: =IF(D46="","",IFERROR(VLOOKUP(D46,CCN_Library!$A$4:$B$13,2,FALSE),"NOT IN LIBRARY")) | G46: M28261 | H46: =LEFT(I46,5) | I46: C44312E | J46: BOX,SHIPPING-102440 | K46: IS | L46: EA | M46: N | N46: 0 | O46: 100 | P46: 100 | Q46: 4 | R46: 3.33 | S46: 4 | T46: =Q46*R46*S46 | U46: =T46*P46
B47: 132 | C47: 44112 | D47: 44112 | E47: =IF(D47="","",IFERROR(VLOOKUP(D47,CCN_Library!$A$4:$B$13,2,FALSE),"NOT IN LIBRARY")) | G47: M28261 | H47: =LEFT(I47,5) | I47: A90157G | J47: THEATER MEDICAL INF-EVO73AV | K47: IS | L47: EA | M47: N | N47: 0 | O47: 17 | P47: 17 | Q47: 1.11 | R47: 1.11 | S47: 0.08 | T47: =Q47*R47*S47 | U47: =T47*P47
B48: 133 | C48: 21710 | D48: 21710 | E48: =IF(D48="","",IFERROR(VLOOKUP(D48,CCN_Library!$A$4:$B$13,2,FALSE),"NOT IN LIBRARY")) | G48: M28261 | H48: =LEFT(I48,5) | I48: A01187G | J48: RADIO SET-AN/PRC-153(V)1 | K48: DP | L48: EA | M48: N | N48: 0 | O48: 60 | P48: 60 | Q48: 0.57 | R48: 0.22 | S48: 0.57 | T48: =Q48*R48*S48 | U48: =T48*P48
B49: 135 | C49: 14345 | D49: 14345 | E49: =IF(D49="","",IFERROR(VLOOKUP(D49,CCN_Library!$A$4:$B$13,2,FALSE),"NOT IN LIBRARY")) | G49: M28261 | H49: =LEFT(I49,5) | I49: E01877B | J49: SIGHT,NIGHT VISION-1019765-101 | K49: IS | L49: KT | M49: R | N49: 0 | O49: 0 | P49: 0 | Q49: 0.8 | R49: 0.32 | S49: 0.37 | T49: =Q49*R49*S49 | U49: =T49*P49
B50: 136 | C50: 21451 | D50: 21451 | E50: =IF(D50="","",IFERROR(VLOOKUP(D50,CCN_Library!$A$4:$B$13,2,FALSE),"NOT IN LIBRARY")) | G50: M28261 | H50: =LEFT(I50,5) | I50: K00282B | J50: CHARGER,BATTERY-HD JUMP START | K50: IS | L50: EA | M50: N | N50: 0 | O50: 2 | P50: 2 | Q50: 1.84 | R50: 0.87 | S50: 1.46 | T50: =Q50*R50*S50 | U50: =T50*P50
B51: 142 | C51: 14345 | D51: 14345 | E51: =IF(D51="","",IFERROR(VLOOKUP(D51,CCN_Library!$A$4:$B$13,2,FALSE),"NOT IN LIBRARY")) | G51: M28261 | H51: =LEFT(I51,5) | I51: C32152E | J51: HELMET,GROUND TROOP-A12769 | K51: IS | L51: EA | M51: N | N51: 275 | O51: 0 | P51: 275 | Q51: 1 | R51: 1 | S51: 1 | T51: =Q51*R51*S51 | U51: =T51*P51
B52: 143 | C52: 21710 | D52: 21710 | E52: =IF(D52="","",IFERROR(VLOOKUP(D52,CCN_Library!$A$4:$B$13,2,FALSE),"NOT IN LIBRARY")) | G52: M28261 | H52: =LEFT(I52,5) | I52: A12607GL | J52: RECEIVER,RADIO NAVI-AN/PSN-13(B) | K52: IS | L52: EA | N52: 0 | O52: 0 | P52: 0 | Q52: 0.58 | R52: 0.33 | S52: 0.17 | T52: =Q52*R52*S52 | U52: =T52*P52
B53: 145 | C53: 44112 | D53: 44112 | E53: =IF(D53="","",IFERROR(VLOOKUP(D53,CCN_Library!$A$4:$B$13,2,FALSE),"NOT IN LIBRARY")) | G53: M28261 | H53: =LEFT(I53,5) | I53: C76017B | J53: TACTICAL FABRICATIO-TACFAB | K53: IS | L53: EA | M53: N | N53: 0 | O53: 1 | P53: 1 | Q53: 2.87 | R53: 2.28 | S53: 5.51 | T53: =Q53*R53*S53 | U53: =T53*P53
B54: 146 | C54: 21710 | D54: 21710 | E54: =IF(D54="","",IFERROR(VLOOKUP(D54,CCN_Library!$A$4:$B$13,2,FALSE),"NOT IN LIBRARY")) | G54: M28261 | H54: =LEFT(I54,5) | I54: H70072GA | J54: MULTIMETER-FLUKE 323 | K54: IS | L54: EA | N54: 0 | O54: 1 | P54: 1 | Q54: 0.11 | R54: 0.25 | S54: 0.68 | T54: =Q54*R54*S54 | U54: =T54*P54
B55: 148 | C55: 21451 | D55: 21451 | E55: =IF(D55="","",IFERROR(VLOOKUP(D55,CCN_Library!$A$4:$B$13,2,FALSE),"NOT IN LIBRARY")) | G55: M28261 | H55: =LEFT(I55,5) | I55: D00192BA | J55: ACCESSORY KIT,VEHIC-57K8832 | K55: PL | L55: EA | N55: 0 | O55: 9 | P55: 9 | S55: 0 | T55: =Q55*R55*S55 | U55: =T55*P55
B56: 150 | C56: 21710 | D56: 21710 | E56: =IF(D56="","",IFERROR(VLOOKUP(D56,CCN_Library!$A$4:$B$13,2,FALSE),"NOT IN LIBRARY")) | G56: M28261 | H56: =LEFT(I56,5) | I56: A01987G | J56: RADIO SET-12200-1823-01 | K56: IS | L56: EA | M56: N | N56: 0 | O56: 4 | P56: 4 | S56: 0 | T56: =Q56*R56*S56 | U56: =T56*P56
B57: 153 | C57: 44112 | D57: 44112 | E57: =IF(D57="","",IFERROR(VLOOKUP(D57,CCN_Library!$A$4:$B$13,2,FALSE),"NOT IN LIBRARY")) | G57: M28261 | H57: =LEFT(I57,5) | I57: C10002E | J57: No Item Name Availa-11-04 | K57: IS | L57: KT | M57: N | N57: 0 | O57: 1 | P57: 1 | Q57: 5 | R57: 2 | S57: 1 | T57: =Q57*R57*S57 | U57: =T57*P57
B58: 162 | C58: 21451 | D58: 21451 | E58: =IF(D58="","",IFERROR(VLOOKUP(D58,CCN_Library!$A$4:$B$13,2,FALSE),"NOT IN LIBRARY")) | G58: M28261 | H58: =LEFT(I58,5) | I58: D00807K | J58: CHASSIS,TRAILER-M353 | K58: IS | L58: EA | M58: N | N58: 0 | O58: 2 | P58: 2 | Q58: 15.66 | R58: 8 | S58: 4.08 | T58: =Q58*R58*S58 | U58: =T58*P58
B59: 163 | C59: 21451 | D59: 21451 | E59: =IF(D59="","",IFERROR(VLOOKUP(D59,CCN_Library!$A$4:$B$13,2,FALSE),"NOT IN LIBRARY")) | G59: M28261 | H59: =LEFT(I59,5) | I59: D08807K | J59: TRAILER,TANK-M149A2 | K59: IS | L59: EA | M59: R | N59: 0 | O59: 6 | P59: 6 | Q59: 13.42 | R59: 6.91 | S59: 6.58 | T59: =Q59*R59*S59 | U59: =T59*P59
B60: 167 | C60: 44112 | D60: 44112 | E60: =IF(D60="","",IFERROR(VLOOKUP(D60,CCN_Library!$A$4:$B$13,2,FALSE),"NOT IN LIBRARY")) | G60: M28261 | H60: =LEFT(I60,5) | I60: K41822E | J60: CHEST, PISTOL, WOOD- | K60: IS | L60: EA | M60: N | N60: 0 | O60: 2 | P60: 2 | Q60: 0 | R60: 0 | S60: 0 | T60: =Q60*R60*S60 | U60: =T60*P60
B61: 168 | C61: 44112 | D61: 44112 | E61: =IF(D61="","",IFERROR(VLOOKUP(D61,CCN_Library!$A$4:$B$13,2,FALSE),"NOT IN LIBRARY")) | G61: M28261 | H61: =LEFT(I61,5) | I61: B00317B | J61: PANEL,POWER DISTRIB-DB350MA-P2WAS3 | K61: IS | L61: EA | M61: R | N61: 0 | O61: 3 | P61: 3 | Q61: 3 | R61: 2.17 | S61: 2.67 | T61: =Q61*R61*S61 | U61: =T61*P61
B62: 169 | C62: 14345 | D62: 14345 | E62: =IF(D62="","",IFERROR(VLOOKUP(D62,CCN_Library!$A$4:$B$13,2,FALSE),"NOT IN LIBRARY")) | G62: M28261 | H62: =LEFT(I62,5) | I62: E19767G | J62: SIGHT,THERMAL-AN/PAS13D(V3) | K62: IS | L62: EA | M62: R | N62: 4 | O62: 0 | P62: 4 | Q62: 1.33 | R62: 0.42 | S62: 0.5 | T62: =Q62*R62*S62 | U62: =T62*P62
B63: 171 | C63: 14345 | D63: 14345 | E63: =IF(D63="","",IFERROR(VLOOKUP(D63,CCN_Library!$A$4:$B$13,2,FALSE),"NOT IN LIBRARY")) | G63: M28261 | H63: =LEFT(I63,5) | I63: E09947M | J63: MACHINE GUN,GRENADE-MK19 MOD 3 | K63: IS | L63: EA | M63: M | N63: 0 | O63: 2 | P63: 2 | Q63: 3.67 | R63: 1.17 | S63: 0.75 | T63: =Q63*R63*S63 | U63: =T63*P63
B64: 172 | C64: 14345 | D64: 14345 | E64: =IF(D64="","",IFERROR(VLOOKUP(D64,CCN_Library!$A$4:$B$13,2,FALSE),"NOT IN LIBRARY")) | G64: M28261 | H64: =LEFT(I64,5) | I64: C00622F | J64: COAT,CHEMICAL PROTE-UNIVERSAL COAT | K64: IS | L64: EA | M64: N | N64: 610 | O64: 0 | P64: 610 | Q64: 1.08 | R64: 0.58 | S64: 0.25 | T64: =Q64*R64*S64 | U64: =T64*P64
B65: 174 | C65: 14345 | D65: 14345 | E65: =IF(D65="","",IFERROR(VLOOKUP(D65,CCN_Library!$A$4:$B$13,2,FALSE),"NOT IN LIBRARY")) | G65: M28261 | H65: =LEFT(I65,5) | I65: E00822B | J65: SIGHT UNIT-TA11SDO | K65: IS | L65: EA | M65: N | N65: 0 | O65: 0 | P65: 0 | Q65: 0.83 | R65: 0.42 | S65: 0.33 | T65: =Q65*R65*S65 | U65: =T65*P65
B66: 179 | C66: 21710 | D66: 21710 | E66: =IF(D66="","",IFERROR(VLOOKUP(D66,CCN_Library!$A$4:$B$13,2,FALSE),"NOT IN LIBRARY")) | G66: M28261 | H66: =LEFT(I66,5) | I66: A00977G | J66: RADIO SET-AN/VRC-110 | K66: DP | L66: EA | M66: N | N66: 0 | O66: 12 | P66: 12 | Q66: 1.17 | R66: 0.67 | S66: 0.92 | T66: =Q66*R66*S66 | U66: =T66*P66
B67: 180 | C67: 14345 | D67: 14345 | E67: =IF(D67="","",IFERROR(VLOOKUP(D67,CCN_Library!$A$4:$B$13,2,FALSE),"NOT IN LIBRARY")) | G67: M28261 | H67: =LEFT(I67,5) | I67: E00817B | J67: MOUNT,MACHINE GUN-M35 | K67: IS | L67: EA | M67: N | N67: 2 | O67: 0 | P67: 2 | Q67: 1.08 | R67: 1.42 | S67: 0.67 | T67: =Q67*R67*S67 | U67: =T67*P67
B68: 184 | C68: 44112 | D68: 44112 | E68: =IF(D68="","",IFERROR(VLOOKUP(D68,CCN_Library!$A$4:$B$13,2,FALSE),"NOT IN LIBRARY")) | G68: M28261 | H68: =LEFT(I68,5) | I68: B00497B | J68: REFRIGERATION SYSTE-SB541.0 | K68: DP | L68: EA | M68: N | N68: 0 | O68: 1 | P68: 1 | Q68: 19.87 | R68: 8 | S68: 8 | T68: =Q68*R68*S68 | U68: =T68*P68
B69: 185 | C69: 44112 | D69: 44112 | E69: =IF(D69="","",IFERROR(VLOOKUP(D69,CCN_Library!$A$4:$B$13,2,FALSE),"NOT IN LIBRARY")) | G69: M28261 | H69: =LEFT(I69,5) | I69: C01322B | J69: PAPER,CHEMICAL AGEN-M8 | K69: IS | L69: BK | M69: N | N69: 305 | O69: 68 | P69: 373 | Q69: 0 | R69: 0 | S69: 0 | T69: =Q69*R69*S69 | U69: =T69*P69
B70: 196 | C70: 14345 | D70: 14345 | E70: =IF(D70="","",IFERROR(VLOOKUP(D70,CCN_Library!$A$4:$B$13,2,FALSE),"NOT IN LIBRARY")) | G70: M28261 | H70: =LEFT(I70,5) | I70: E02122B | J70: MID-RANGE PRECISION DAY OPTIC (MR PDO)-MR PDO | K70: PL | M70: N | N70: 0 | O70: 0 | P70: 0 | S70: 0 | T70: =Q70*R70*S70 | U70: =T70*P70
B71: 201 | C71: 21710 | D71: 21710 | E71: =IF(D71="","",IFERROR(VLOOKUP(D71,CCN_Library!$A$4:$B$13,2,FALSE),"NOT IN LIBRARY")) | G71: M28261 | H71: =LEFT(I71,5) | I71: A90237GD | J71: COMPUTER SYSTEM,DIG-210-BDTH | K71: IS | L71: EA | N71: 0 | O71: 17 | P71: 17 | Q71: 1 | R71: 1.25 | S71: 0.17 | T71: =Q71*R71*S71 | U71: =T71*P71
B72: 206 | C72: 44112 | D72: 44112 | E72: =IF(D72="","",IFERROR(VLOOKUP(D72,CCN_Library!$A$4:$B$13,2,FALSE),"NOT IN LIBRARY")) | G72: M28261 | H72: =LEFT(I72,5) | I72: B21307BB | J72: TANK,WATER,3000 GAL-RCF-3K-W-OT | K72: IS | L72: EA | N72: 0 | O72: 4 | P72: 4 | Q72: 2.33 | R72: 3.92 | S72: 1.42 | T72: =Q72*R72*S72 | U72: =T72*P72
B73: 209 | C73: 44112 | D73: 44112 | E73: =IF(D73="","",IFERROR(VLOOKUP(D73,CCN_Library!$A$4:$B$13,2,FALSE),"NOT IN LIBRARY")) | G73: M28261 | H73: =LEFT(I73,5) | I73: B21307BD | J73: TANK,FABRIC,COLLAPS-RCF-3K-W-OT | K73: IS | L73: EA | N73: 0 | O73: 0 | P73: 0 | Q73: 6.08 | R73: 3.92 | S73: 1.75 | T73: =Q73*R73*S73 | U73: =T73*P73
B74: 211 | C74: 21451 | D74: 21451 | E74: =IF(D74="","",IFERROR(VLOOKUP(D74,CCN_Library!$A$4:$B$13,2,FALSE),"NOT IN LIBRARY")) | G74: M28261 | H74: =LEFT(I74,5) | I74: M00112B | J74: MODIFICATION KIT,VE- | K74: IS | L74: EA | M74: N | N74: 0 | O74: 8 | P74: 8 | S74: 0 | T74: =Q74*R74*S74 | U74: =T74*P74
B75: 214 | C75: 21710 | D75: 21710 | E75: =IF(D75="","",IFERROR(VLOOKUP(D75,CCN_Library!$A$4:$B$13,2,FALSE),"NOT IN LIBRARY")) | G75: M28261 | H75: =LEFT(I75,5) | I75: A91007G | J75: COMPUTER SYSTEM,DIG-HP ELITEBOOK 645 | K75: IS | L75: EA | M75: N | N75: 0 | O75: 221 | P75: 221 | Q75: 0.83 | R75: 1.17 | S75: 0.17 | T75: =Q75*R75*S75 | U75: =T75*P75
B76: 216 | C76: 21710 | D76: 21710 | E76: =IF(D76="","",IFERROR(VLOOKUP(D76,CCN_Library!$A$4:$B$13,2,FALSE),"NOT IN LIBRARY")) | G76: M28261 | H76: =LEFT(I76,5) | I76: A02087G | J76: AMPLIFIER-POWER SUP-VRC | K76: PL | L76: EA | M76: N | N76: 0 | O76: 26 | P76: 26 | S76: 0 | T76: =Q76*R76*S76 | U76: =T76*P76
B77: 218 | C77: 14345 | D77: 14345 | E77: =IF(D77="","",IFERROR(VLOOKUP(D77,CCN_Library!$A$4:$B$13,2,FALSE),"NOT IN LIBRARY")) | G77: M28261 | H77: =LEFT(I77,5) | I77: E00412B | J77: SIGHT,REFLEX-M571 | K77: IS | L77: EA | M77: N | N77: 0 | O77: 0 | P77: 0 | Q77: 1.28 | R77: 0.27 | S77: 0.27 | T77: =Q77*R77*S77 | U77: =T77*P77
B78: 221 | C78: 21710 | D78: 21710 | E78: =IF(D78="","",IFERROR(VLOOKUP(D78,CCN_Library!$A$4:$B$13,2,FALSE),"NOT IN LIBRARY")) | G78: M28261 | H78: =LEFT(I78,5) | I78: A70597G | J78: OHMMETER-R1L-C | K78: IS | L78: EA | M78: N | N78: 0 | O78: 1 | P78: 1 | Q78: 0.92 | R78: 1.17 | S78: 0.58 | T78: =Q78*R78*S78 | U78: =T78*P78
B79: 222 | C79: 44112 | D79: 44112 | E79: =IF(D79="","",IFERROR(VLOOKUP(D79,CCN_Library!$A$4:$B$13,2,FALSE),"NOT IN LIBRARY")) | G79: M28261 | H79: =LEFT(I79,5) | I79: B00557B | J79: BATH UNIT,PORTABLE-MK64 MOD5 | K79: IS | L79: EA | M79: N | N79: 0 | O79: 2 | P79: 2 | Q79: 17.99 | R79: 6 | S79: 6 | T79: =Q79*R79*S79 | U79: =T79*P79
B80: 223 | C80: 21451 | D80: 21451 | E80: =IF(D80="","",IFERROR(VLOOKUP(D80,CCN_Library!$A$4:$B$13,2,FALSE),"NOT IN LIBRARY")) | G80: M28261 | H80: =LEFT(I80,5) | I80: C10232F | J80: HOOD,COMBAT VEHICLE-MIL-H-44265 | K80: IS | M80: N | N80: 0 | O80: 0 | P80: 0 | Q80: 0.5 | R80: 0.5 | S80: 0.17 | T80: =Q80*R80*S80 | U80: =T80*P80
B81: 226 | C81: 44112 | D81: 44112 | E81: =IF(D81="","",IFERROR(VLOOKUP(D81,CCN_Library!$A$4:$B$13,2,FALSE),"NOT IN LIBRARY")) | G81: M28261 | H81: =LEFT(I81,5) | I81: C86048A | J81: AMAL LABORATORY CON-619 | K81: IS | M81: N | N81: 0 | O81: 4 | P81: 4 | Q81: 4.17 | R81: 3.33 | S81: 3.5 | T81: =Q81*R81*S81 | U81: =T81*P81
B82: 229 | C82: 44112 | D82: 44112 | E82: =IF(D82="","",IFERROR(VLOOKUP(D82,CCN_Library!$A$4:$B$13,2,FALSE),"NOT IN LIBRARY")) | G82: M28261 | H82: =LEFT(I82,5) | I82: C86568A | J82: AMAL 646 FOR RES SU-AMAL 646 | K82: IS | M82: N | N82: 0 | O82: 10 | P82: 10 | Q82: 4.17 | R82: 27.74 | S82: 4 | T82: =Q82*R82*S82 | U82: =T82*P82
B83: 230 | C83: 14345 | D83: 14345 | E83: =IF(D83="","",IFERROR(VLOOKUP(D83,CCN_Library!$A$4:$B$13,2,FALSE),"NOT IN LIBRARY")) | G83: M28261 | H83: =LEFT(I83,5) | I83: E11262B | J83: MOUNT,TRIPOD,MACHIN-M3 | K83: IS | L83: EA | M83: N | N83: 0 | O83: 4 | P83: 4 | Q83: 6.33 | R83: 5.16 | S83: 1.17 | T83: =Q83*R83*S83 | U83: =T83*P83
B84: 231 | C84: 14345 | D84: 14345 | E84: =IF(D84="","",IFERROR(VLOOKUP(D84,CCN_Library!$A$4:$B$13,2,FALSE),"NOT IN LIBRARY")) | G84: M28261 | H84: =LEFT(I84,5) | I84: E17102B | J84: SIGHT,BORE,OPTICAL-TA31RCO-A4 | K84: IS | L84: EA | M84: N | N84: 58 | O84: 0 | P84: 58 | Q84: 0.5 | R84: 0.33 | S84: 0.25 | T84: =Q84*R84*S84 | U84: =T84*P84
B85: 232 | C85: 14345 | D85: 14345 | E85: =IF(D85="","",IFERROR(VLOOKUP(D85,CCN_Library!$A$4:$B$13,2,FALSE),"NOT IN LIBRARY")) | G85: M28261 | H85: =LEFT(I85,5) | I85: E19482G | J85: TEST SET,ELECTRONIC-TS4348/UV | K85: IS | L85: EA | M85: N | N85: 0 | O85: 1 | P85: 1 | Q85: 0.92 | R85: 1.25 | S85: 0.5 | T85: =Q85*R85*S85 | U85: =T85*P85
B86: 235 | C86: 44112 | D86: 44112 | E86: =IF(D86="","",IFERROR(VLOOKUP(D86,CCN_Library!$A$4:$B$13,2,FALSE),"NOT IN LIBRARY")) | G86: M28261 | H86: =LEFT(I86,5) | I86: C22002E | J86: REACTIVE SKIN DECON-JSPDS/RSDL | K86: IS | L86: PG | M86: N | N86: 15 | O86: 0 | P86: 15 | Q86: 1.08 | R86: 0.62 | S86: 0.87 | T86: =Q86*R86*S86 | U86: =T86*P86
B87: 236 | C87: 44112 | D87: 44112 | E87: =IF(D87="","",IFERROR(VLOOKUP(D87,CCN_Library!$A$4:$B$13,2,FALSE),"NOT IN LIBRARY")) | G87: M28261 | H87: =LEFT(I87,5) | I87: B00287B | J87: PANEL,POWER DISTRIB-5KW OUTDOOR | K87: IS | L87: EA | M87: R | N87: 0 | O87: 12 | P87: 12 | Q87: 1.58 | R87: 1.5 | S87: 1.17 | T87: =Q87*R87*S87 | U87: =T87*P87
B88: 237 | C88: 44112 | D88: 44112 | E88: =IF(D88="","",IFERROR(VLOOKUP(D88,CCN_Library!$A$4:$B$13,2,FALSE),"NOT IN LIBRARY")) | G88: M28261 | H88: =LEFT(I88,5) | I88: B00297B | J88: PANEL,POWER DISTRIB-15KW | K88: IS | L88: EA | M88: R | N88: 0 | O88: 6 | P88: 6 | Q88: 2.17 | R88: 1.92 | S88: 1.42 | T88: =Q88*R88*S88 | U88: =T88*P88
B89: 240 | C89: 44112 | D89: 44112 | E89: =IF(D89="","",IFERROR(VLOOKUP(D89,CCN_Library!$A$4:$B$13,2,FALSE),"NOT IN LIBRARY")) | G89: M28261 | H89: =LEFT(I89,5) | I89: C21102E | J89: PAPER,CHEMICAL AGEN-5-67-280 | K89: IS | L89: RO | M89: N | N89: 31 | O89: 27 | P89: 58 | Q89: 0.67 | R89: 0.67 | S89: 0.13 | T89: =Q89*R89*S89 | U89: =T89*P89
B90: 245 | C90: 44112 | D90: 44112 | E90: =IF(D90="","",IFERROR(VLOOKUP(D90,CCN_Library!$A$4:$B$13,2,FALSE),"NOT IN LIBRARY")) | G90: M28261 | H90: =LEFT(I90,5) | I90: C31242F | J90: No Item Name Availa-N/A | K90: IS | L90: EA | M90: N | N90: 275 | O90: 0 | P90: 275 | Q90: 0.33 | R90: 0.33 | S90: 0.08 | T90: =Q90*R90*S90 | U90: =T90*P90
B91: 246 | C91: 44112 | D91: 44112 | E91: =IF(D91="","",IFERROR(VLOOKUP(D91,CCN_Library!$A$4:$B$13,2,FALSE),"NOT IN LIBRARY")) | G91: M28261 | H91: =LEFT(I91,5) | I91: C01902F | J91: POUCH,TACTICAL HAND-N/A | K91: IS | L91: EA | M91: N | N91: 0 | O91: 0 | P91: 0 | Q91: 0.5 | R91: 0.25 | S91: 0.17 | T91: =Q91*R91*S91 | U91: =T91*P91
B92: 254 | C92: 21710 | D92: 21710 | E92: =IF(D92="","",IFERROR(VLOOKUP(D92,CCN_Library!$A$4:$B$13,2,FALSE),"NOT IN LIBRARY")) | G92: M28261 | H92: =LEFT(I92,5) | I92: K00272B | J92: CHARGER,BATTERY-PRO 12 | K92: IS | L92: EA | M92: N | N92: 0 | O92: 4 | P92: 4 | Q92: 1.29 | R92: 0.87 | S92: 0.29 | T92: =Q92*R92*S92 | U92: =T92*P92
B93: 255 | C93: 21710 | D93: 21710 | E93: =IF(D93="","",IFERROR(VLOOKUP(D93,CCN_Library!$A$4:$B$13,2,FALSE),"NOT IN LIBRARY")) | G93: M28261 | H93: =LEFT(I93,5) | I93: A03317G | J93: RADIO SET-AN/VRC-113(C) | K93: IS | L93: EA | M93: N | N93: 0 | O93: 2 | P93: 2 | Q93: 1.2 | R93: 1.04 | S93: 0.92 | T93: =Q93*R93*S93 | U93: =T93*P93
B94: 256 | C94: 14345 | D94: 14345 | E94: =IF(D94="","",IFERROR(VLOOKUP(D94,CCN_Library!$A$4:$B$13,2,FALSE),"NOT IN LIBRARY")) | G94: M28261 | H94: =LEFT(I94,5) | I94: E09562B | J94: BORELIGHT SYSTEM,LA-LBS-300-A2 | K94: IS | L94: EA | M94: N | N94: 0 | O94: 6 | P94: 6 | Q94: 0.83 | R94: 0.08 | S94: 0.33 | T94: =Q94*R94*S94 | U94: =T94*P94
... B96: 260 | C96: 44112 | D96: 44112 | E96: =IF(D96="","",IFERROR(VLOOKUP(D96,CCN_Library!$A$4:$B$13,2,FALSE),"NOT IN LIBRARY")) | G96: M28261 | H96: =LEFT(I96,5) | I96: C00292F | J96: DRAWERS,COLD WEATHE-FRGFDR | K96: IS | L96: PR | M96: N | N96: 305 | O96: 0 | P96: 305 | Q96: 0.83 | R96: 0.5 | S96: 0.17 | T96: =Q96*R96*S96 | U96: =T96*P96
B97: 261 | C97: 21710 | D97: 21710 | E97: =IF(D97="","",IFERROR(VLOOKUP(D97,CCN_Library!$A$4:$B$13,2,FALSE),"NOT IN LIBRARY")) | G97: M28261 | H97: =LEFT(I97,5) | I97: A12607GK | J97: NAVIGATION SET,SATE-AN/PSN-13(A) | K97: IS | L97: EA | N97: 0 | O97: 30 | P97: 30 | Q97: 0.58 | R97: 0.33 | S97: 0.17 | T97: =Q97*R97*S97 | U97: =T97*P97
B98: 264 | C98: 14345 | D98: 14345 | E98: =IF(D98="","",IFERROR(VLOOKUP(D98,CCN_Library!$A$4:$B$13,2,FALSE),"NOT IN LIBRARY")) | G98: M28261 | H98: =LEFT(I98,5) | I98: E11202B | J98: MOUNT,TRIPOD,MACHIN-M122A1 | K98: IS | L98: EA | M98: N | N98: 0 | O98: 2 | P98: 2 | Q98: 3.33 | R98: 1.25 | S98: 1.25 | T98: =Q98*R98*S98 | U98: =T98*P98
B99: 265 | C99: 21710 | D99: 21710 | E99: =IF(D99="","",IFERROR(VLOOKUP(D99,CCN_Library!$A$4:$B$13,2,FALSE),"NOT IN LIBRARY")) | G99: M28261 | H99: =LEFT(I99,5) | I99: A77067G | J99: POWER SUPPLY-XHR40-25M106 | K99: IS | L99: EA | M99: N | N99: 0 | O99: 4 | P99: 4 | Q99: 2.04 | R99: 1.27 | S99: 0.67 | T99: =Q99*R99*S99 | U99: =T99*P99
B100: 268 | C100: 21451 | D100: 21451 | E100: =IF(D100="","",IFERROR(VLOOKUP(D100,CCN_Library!$A$4:$B$13,2,FALSE),"NOT IN LIBRARY")) | G100: M28261 | H100: =LEFT(I100,5) | I100: D04752E | J100: TOOL KIT,VEHICLE,TA-W | K100: IS | L100: EA | M100: N | N100: 0 | O100: 2 | P100: 2 | Q100: 0 | R100: 0 | S100: 0 | T100: =Q100*R100*S100 | U100: =T100*P100
B101: 269 | C101: 21710 | D101: 21710 | E101: =IF(D101="","",IFERROR(VLOOKUP(D101,CCN_Library!$A$4:$B$13,2,FALSE),"NOT IN LIBRARY")) | G101: M28261 | H101: =LEFT(I101,5) | I101: A01267G | J101: MULTI-BAND FREQUENC-AN/VRC-103(V)2 | K101: DP | L101: EA | M101: N | N101: 0 | O101: 6 | P101: 6 | Q101: 1.24 | R101: 1.25 | S101: 0.82 | T101: =Q101*R101*S101 | U101: =T101*P101
B102: 270 | C102: 14345 | D102: 14345 | E102: =IF(D102="","",IFERROR(VLOOKUP(D102,CCN_Library!$A$4:$B$13,2,FALSE),"NOT IN LIBRARY")) | G102: M28261 | H102: =LEFT(I102,5) | I102: E30942B | J102: TOOL SET,ORGANIZATI-MK19 MOD3 | K102: IS | M102: N | N102: 0 | O102: 1 | P102: 1 | Q102: 1.67 | R102: 0.5 | S102: 0.75 | T102: =Q102*R102*S102 | U102: =T102*P102
B103: 271 | C103: 21710 | D103: 21710 | E103: =IF(D103="","",IFERROR(VLOOKUP(D103,CCN_Library!$A$4:$B$13,2,FALSE),"NOT IN LIBRARY")) | G103: M28261 | H103: =LEFT(I103,5) | I103: K00382B | J103: CHARGER,BATTERY-746X840 | K103: IS | L103: EA | M103: N | N103: 0 | O103: 1 | P103: 1 | Q103: 1.18 | R103: 0.96 | S103: 0.54 | T103: =Q103*R103*S103 | U103: =T103*P103
B104: 275 | C104: 21451 | D104: 21451 | E104: =IF(D104="","",IFERROR(VLOOKUP(D104,CCN_Library!$A$4:$B$13,2,FALSE),"NOT IN LIBRARY")) | G104: M28261 | H104: =LEFT(I104,5) | I104: C79152B | J104: TOOL KIT,GENERAL ME-DFP-627 | K104: IS | L104: SE | M104: N | N104: 0 | O104: 4 | P104: 4 | Q104: 2 | R104: 1.5 | S104: 1.25 | T104: =Q104*R104*S104 | U104: =T104*P104
B105: 276 | C105: 21451 | D105: 21451 | E105: =IF(D105="","",IFERROR(VLOOKUP(D105,CCN_Library!$A$4:$B$13,2,FALSE),"NOT IN LIBRARY")) | G105: M28261 | H105: =LEFT(I105,5) | I105: D07512E | J105: TOOL KIT,VEHICLE,TA-18004T0006 | K105: IS | L105: KT | M105: N | N105: 0 | O105: 1 | P105: 1 | Q105: 0 | R105: 0 | S105: 0 | T105: =Q105*R105*S105 | U105: =T105*P105
B106: 277 | C106: 21451 | D106: 21451 | E106: =IF(D106="","",IFERROR(VLOOKUP(D106,CCN_Library!$A$4:$B$13,2,FALSE),"NOT IN LIBRARY")) | G106: M28261 | H106: =LEFT(I106,5) | I106: D00267K | J106: JLTV SHELTER AMBULANCE- | K106: PL | M106: N | N106: 0 | O106: 10 | P106: 10 | S106: 0 | T106: =Q106*R106*S106 | U106: =T106*P106
B107: 284 | C107: 44112 | D107: 44112 | E107: =IF(D107="","",IFERROR(VLOOKUP(D107,CCN_Library!$A$4:$B$13,2,FALSE),"NOT IN LIBRARY")) | G107: M28261 | H107: =LEFT(I107,5) | I107: C02602F | J107: GAITER,NECK-A-A-55247 | K107: IS | L107: EA | M107: N | N107: 305 | O107: 270 | P107: 575 | Q107: 1.25 | R107: 0.83 | S107: 0.08 | T107: =Q107*R107*S107 | U107: =T107*P107
B108: 286 | C108: 44112 | D108: 44112 | E108: =IF(D108="","",IFERROR(VLOOKUP(D108,CCN_Library!$A$4:$B$13,2,FALSE),"NOT IN LIBRARY")) | G108: M28261 | H108: =LEFT(I108,5) | I108: C31402E | J108: CUP,WATER CANTEEN-MIL-C-73761 | K108: IS | L108: EA | M108: N | N108: 305 | O108: 0 | P108: 305 | Q108: 0.42 | R108: 0.25 | S108: 0.33 | T108: =Q108*R108*S108 | U108: =T108*P108
B109: 287 | C109: 44112 | D109: 44112 | E109: =IF(D109="","",IFERROR(VLOOKUP(D109,CCN_Library!$A$4:$B$13,2,FALSE),"NOT IN LIBRARY")) | G109: M28261 | H109: =LEFT(I109,5) | I109: C32302E | J109: INTRENCHING TOOL,HA-05940 | K109: IS | L109: EA | M109: N | N109: 305 | O109: 0 | P109: 305 | Q109: 0.67 | R109: 0.5 | S109: 0.17 | T109: =Q109*R109*S109 | U109: =T109*P109
B110: 288 | C110: 44112 | D110: 44112 | E110: =IF(D110="","",IFERROR(VLOOKUP(D110,CCN_Library!$A$4:$B$13,2,FALSE),"NOT IN LIBRARY")) | G110: M28261 | H110: =LEFT(I110,5) | I110: C86348A | J110: AMAL 634 AC CR WDCN-AMAL 634 | K110: IS | M110: N | N110: 0 | O110: 4 | P110: 4 | Q110: 4.5 | R110: 11.66 | S110: 4.25 | T110: =Q110*R110*S110 | U110: =T110*P110
...

Sheet 14312
A1: BASIC FACILITY REQUIREMENTS WORKSHEET
A3: Installation: | F3: MCB Camp Butler | M3: Tenant: | R3: 3D MED BN
A4: Installation UIC: | F4: M67400 | M4: Tenant UIC: | R4: M13020 | Y4: Planning Area: | AE4: FO
A5: CCN: | C5: 14312 | M5: Nomenclature: | R5: Operational Vehicle Laydown Area
A6: LOADING ANALYSIS / JUSTIFICATION OF REQUIREMENT
A7: Description:
B8: Mission: Provide health service support to the Marine expeditionary force (MEF). CCN: An operational vehicle parking and/or laydown area consists of an asphalt or concrete paved area large enough to store and provide circulation for the vehicles and equipment for which the command is responsible. Justification: An Operational Vehicle Laydown Area is required to store and provide circulation for the vehicles and equipment for which the command is responsible.
A14: Planning Criteria:
B15: UFC 2-000-05N
A16: Loading:
B17: FY2025 Table of Organization
B18: FY2025 Table of Equipment
A19: Analysis:
B20: Subordinate Unit | M20: Area1
B21: M28261 | E21: H&S CO | M21: =AB218
B22: M28263 | E22: SURGICAL CO A | M22: =AB402
B23: M28262 | E23: SURGICAL CO B | M23: =AB586
M24: =AB770
B25: Totals = | M25: =SUM(M21:P24)
B28: SEE THE ATTACHED PAGES FOR CALCULATIONS
B30: 1All vehicles are assigned a type code (A through E) based on its length, per guidelines from UFC 2-000-05N, Table 14312-1. A vehicle's type code determines its space allowance and net-to-gross factor. The total space requirement is the sum of the gross areas of all vehicles and equipment for which the command is responsible.
A36: TOTAL REQUIREMENT: | H36: =M25 | L36: SY
A37: CCN: | C37: =$C$5 | M37: Nomenclature: | R37: =$R$5
C39: Operational Vehicle Laydown Area per UFC 2-000-05N Table 14312-1
C40: =B21 | F40: =E21
C41: TAMCN | F41: Description | U41: L (FT) | W41: Qty | Y41: Area (NSY) | AA41: NTG | AC41: GSY
C43: A00477B | F43: =IFERROR(VLOOKUP(C43,TE!$H:$Y,2,FALSE),"(Not on TE)") | U43: =IFERROR(VLOOKUP(C43,TE!$H:$Y,9,FALSE),"0") | W43: =SUMIFS(TE!$O:$O,TE!$G:$G,$C$40,TE!$I:$I,C43,TE!$D:$D,$C$5) | Y43: =IFERROR(VLOOKUP(C43,TE!$H:$Y,16,FALSE),"0") | AA43: =IFERROR(VLOOKUP(C43,TE!$H:$Y,17,FALSE),"0") | AC43: =IFERROR((W43*Y43*AA43),"")
C44: A00557G | F44: =IFERROR(VLOOKUP(C44,TE!$H:$Y,2,FALSE),"(Not on TE)") | U44: =IFERROR(VLOOKUP(C44,TE!$H:$Y,9,FALSE),"0") | W44: =SUMIFS(TE!$O:$O,TE!$G:$G,$C$40,TE!$I:$I,C44,TE!$D:$D,$C$5) | Y44: =IFERROR(VLOOKUP(C44,TE!$H:$Y,16,FALSE),"0") | AA44: =IFERROR(VLOOKUP(C44,TE!$H:$Y,17,FALSE),"0") | AC44: =IFERROR((W44*Y44*AA44),"")
C45: A00617G | F45: =IFERROR(VLOOKUP(C45,TE!$H:$Y,2,FALSE),"(Not on TE)") | U45: =IFERROR(VLOOKUP(C45,TE!$H:$Y,9,FALSE),"0") | W45: =SUMIFS(TE!$O:$O,TE!$G:$G,$C$40,TE!$I:$I,C45,TE!$D:$D,$C$5) | Y45: =IFERROR(VLOOKUP(C45,TE!$H:$Y,16,FALSE),"0") | AA45: =IFERROR(VLOOKUP(C45,TE!$H:$Y,17,FALSE),"0") | AC45: =IFERROR((W45*Y45*AA45),"")
C46: A02427G | F46: =IFERROR(VLOOKUP(C46,TE!$H:$Y,2,FALSE),"(Not on TE)") | U46: =IFERROR(VLOOKUP(C46,TE!$H:$Y,9,FALSE),"0") | W46: =SUMIFS(TE!$O:$O,TE!$G:$G,$C$40,TE!$I:$I,C46,TE!$D:$D,$C$5) | Y46: =IFERROR(VLOOKUP(C46,TE!$H:$Y,16,FALSE),"0") | AA46: =IFERROR(VLOOKUP(C46,TE!$H:$Y,17,FALSE),"0") | AC46: =IFERROR((W46*Y46*AA46),"")
C47: A03877G | F47: =IFERROR(VLOOKUP(C47,TE!$H:$Y,2,FALSE),"(Not on TE)") | U47: =IFERROR(VLOOKUP(C47,TE!$H:$Y,9,FALSE),"0") | W47: =SUMIFS(TE!$O:$O,TE!$G:$G,$C$40,TE!$I:$I,C47,TE!$D:$D,$C$5) | Y47: =IFERROR(VLOOKUP(C47,TE!$H:$Y,16,FALSE),"0") | AA47: =IFERROR(VLOOKUP(C47,TE!$H:$Y,17,FALSE),"0") | AC47: =IFERROR((W47*Y47*AA47),"")
C48: A03887G | F48: =IFERROR(VLOOKUP(C48,TE!$H:$Y,2,FALSE),"(Not on TE)") | U48: =IFERROR(VLOOKUP(C48,TE!$H:$Y,9,FALSE),"0") | W48: =SUMIFS(TE!$O:$O,TE!$G:$G,$C$40,TE!$I:$I,C48,TE!$D:$D,$C$5) | Y48: =IFERROR(VLOOKUP(C48,TE!$H:$Y,16,FALSE),"0") | AA48: =IFERROR(VLOOKUP(C48,TE!$H:$Y,17,FALSE),"0") | AC48: =IFERROR((W48*Y48*AA48),"")
C49: A04037G | F49: =IFERROR(VLOOKUP(C49,TE!$H:$Y,2,FALSE),"(Not on TE)") | U49: =IFERROR(VLOOKUP(C49,TE!$H:$Y,9,FALSE),"0") | W49: =SUMIFS(TE!$O:$O,TE!$G:$G,$C$40,TE!$I:$I,C49,TE!$D:$D,$C$5) | Y49: =IFERROR(VLOOKUP(C49,TE!$H:$Y,16,FALSE),"0") | AA49: =IFERROR(VLOOKUP(C49,TE!$H:$Y,17,FALSE),"0") | AC49: =IFERROR((W49*Y49*AA49),"")
C50: A04577G | F50: =IFERROR(VLOOKUP(C50,TE!$H:$Y,2,FALSE),"(Not on TE)") | U50: =IFERROR(VLOOKUP(C50,TE!$H:$Y,9,FALSE),"0") | W50: =SUMIFS(TE!$O:$O,TE!$G:$G,$C$40,TE!$I:$I,C50,TE!$D:$D,$C$5) | Y50: =IFERROR(VLOOKUP(C50,TE!$H:$Y,16,FALSE),"0") | AA50: =IFERROR(VLOOKUP(C50,TE!$H:$Y,17,FALSE),"0") | AC50: =IFERROR((W50*Y50*AA50),"")
C51: A04587G | F51: =IFERROR(VLOOKUP(C51,TE!$H:$Y,2,FALSE),"(Not on TE)") | U51: =IFERROR(VLOOKUP(C51,TE!$H:$Y,9,FALSE),"0") | W51: =SUMIFS(TE!$O:$O,TE!$G:$G,$C$40,TE!$I:$I,C51,TE!$D:$D,$C$5) | Y51: =IFERROR(VLOOKUP(C51,TE!$H:$Y,16,FALSE),"0") | AA51: =IFERROR(VLOOKUP(C51,TE!$H:$Y,17,FALSE),"0") | AC51: =IFERROR((W51*Y51*AA51),"")
C52: A19577G | F52: =IFERROR(VLOOKUP(C52,TE!$H:$Y,2,FALSE),"(Not on TE)") | U52: =IFERROR(VLOOKUP(C52,TE!$H:$Y,9,FALSE),"0") | W52: =SUMIFS(TE!$O:$O,TE!$G:$G,$C$40,TE!$I:$I,C52,TE!$D:$D,$C$5) | Y52: =IFERROR(VLOOKUP(C52,TE!$H:$Y,16,FALSE),"0") | AA52: =IFERROR(VLOOKUP(C52,TE!$H:$Y,17,FALSE),"0") | AC52: =IFERROR((W52*Y52*AA52),"")
C53: A21797G | F53: =IFERROR(VLOOKUP(C53,TE!$H:$Y,2,FALSE),"(Not on TE)") | U53: =IFERROR(VLOOKUP(C53,TE!$H:$Y,9,FALSE),"0") | W53: =SUMIFS(TE!$O:$O,TE!$G:$G,$C$40,TE!$I:$I,C53,TE!$D:$D,$C$5) | Y53: =IFERROR(VLOOKUP(C53,TE!$H:$Y,16,FALSE),"0") | AA53: =IFERROR(VLOOKUP(C53,TE!$H:$Y,17,FALSE),"0") | AC53: =IFERROR((W53*Y53*AA53),"")
C54: A23352B | F54: =IFERROR(VLOOKUP(C54,TE!$H:$Y,2,FALSE),"(Not on TE)") | U54: =IFERROR(VLOOKUP(C54,TE!$H:$Y,9,FALSE),"0") | W54: =SUMIFS(TE!$O:$O,TE!$G:$G,$C$40,TE!$I:$I,C54,TE!$D:$D,$C$5) | Y54: =IFERROR(VLOOKUP(C54,TE!$H:$Y,16,FALSE),"0") | AA54: =IFERROR(VLOOKUP(C54,TE!$H:$Y,17,FALSE),"0") | AC54: =IFERROR((W54*Y54*AA54),"")
... C79: B02157BA | F79: =IFERROR(VLOOKUP(C79,TE!$H:$Y,2,FALSE),"(Not on TE)") | U79: =IFERROR(VLOOKUP(C79,TE!$H:$Y,9,FALSE),"0") | W79: =SUMIFS(TE!$O:$O,TE!$G:$G,$C$40,TE!$I:$I,C79,TE!$D:$D,$C$5) | Y79: =IFERROR(VLOOKUP(C79,TE!$H:$Y,16,FALSE),"0") | AA79: =IFERROR(VLOOKUP(C79,TE!$H:$Y,17,FALSE),"0") | AC79: =IFERROR((W79*Y79*AA79),"")
AA80: Continued Below
A83: CCN: | C83: =$C$5 | M83: Nomenclature: | R83: =$R$5
C85: Operational Vehicle Laydown Area per UFC 2-000-05N Table 14312-1
C86: =B21 | F86: =F40
C87: TAMCN | F87: Description | U87: L (FT) | W87: Qty | Y87: Area (NSY) | AA87: NTG | AC87: GSY
C89: B03957B | F89: =IFERROR(VLOOKUP(C89,TE!$H:$Y,2,FALSE),"(Not on TE)") | U89: =IFERROR(VLOOKUP(C89,TE!$H:$Y,9,FALSE),"0") | W89: =SUMIFS(TE!$O:$O,TE!$G:$G,$C$40,TE!$I:$I,C89,TE!$D:$D,$C$5) | Y89: =IFERROR(VLOOKUP(C89,TE!$H:$Y,16,FALSE),"0") | AA89: =IFERROR(VLOOKUP(C89,TE!$H:$Y,17,FALSE),"0") | AC89: =IFERROR((W89*Y89*AA89),"")
C90: B04467B | F90: =IFERROR(VLOOKUP(C90,TE!$H:$Y,2,FALSE),"(Not on TE)") | U90: =IFERROR(VLOOKUP(C90,TE!$H:$Y,9,FALSE),"0") | W90: =SUMIFS(TE!$O:$O,TE!$G:$G,$C$40,TE!$I:$I,C90,TE!$D:$D,$C$5) | Y90: =IFERROR(VLOOKUP(C90,TE!$H:$Y,16,FALSE),"0") | AA90: =IFERROR(VLOOKUP(C90,TE!$H:$Y,17,FALSE),"0") | AC90: =IFERROR((W90*Y90*AA90),"")
C91: B05797B | F91: =IFERROR(VLOOKUP(C91,TE!$H:$Y,2,FALSE),"(Not on TE)") | U91: =IFERROR(VLOOKUP(C91,TE!$H:$Y,9,FALSE),"0") | W91: =SUMIFS(TE!$O:$O,TE!$G:$G,$C$40,TE!$I:$I,C91,TE!$D:$D,$C$5) | Y91: =IFERROR(VLOOKUP(C91,TE!$H:$Y,16,FALSE),"0") | AA91: =IFERROR(VLOOKUP(C91,TE!$H:$Y,17,FALSE),"0") | AC91: =IFERROR((W91*Y91*AA91),"")
C92: B06407B | F92: =IFERROR(VLOOKUP(C92,TE!$H:$Y,2,FALSE),"(Not on TE)") | U92: =IFERROR(VLOOKUP(C92,TE!$H:$Y,9,FALSE),"0") | W92: =SUMIFS(TE!$O:$O,TE!$G:$G,$C$40,TE!$I:$I,C92,TE!$D:$D,$C$5) | Y92: =IFERROR(VLOOKUP(C92,TE!$H:$Y,16,FALSE),"0") | AA92: =IFERROR(VLOOKUP(C92,TE!$H:$Y,17,FALSE),"0") | AC92: =IFERROR((W92*Y92*AA92),"")
C93: B06477BA | F93: =IFERROR(VLOOKUP(C93,TE!$H:$Y,2,FALSE),"(Not on TE)") | U93: =IFERROR(VLOOKUP(C93,TE!$H:$Y,9,FALSE),"0") | W93: =SUMIFS(TE!$O:$O,TE!$G:$G,$C$40,TE!$I:$I,C93,TE!$D:$D,$C$5) | Y93: =IFERROR(VLOOKUP(C93,TE!$H:$Y,16,FALSE),"0") | AA93: =IFERROR(VLOOKUP(C93,TE!$H:$Y,17,FALSE),"0") | AC93: =IFERROR((W93*Y93*AA93),"")
C94: B07307B | F94: =IFERROR(VLOOKUP(C94,TE!$H:$Y,2,FALSE),"(Not on TE)") | U94: =IFERROR(VLOOKUP(C94,TE!$H:$Y,9,FALSE),"0") | W94: =SUMIFS(TE!$O:$O,TE!$G:$G,$C$40,TE!$I:$I,C94,TE!$D:$D,$C$5) | Y94: =IFERROR(VLOOKUP(C94,TE!$H:$Y,16,FALSE),"0") | AA94: =IFERROR(VLOOKUP(C94,TE!$H:$Y,17,FALSE),"0") | AC94: =IFERROR((W94*Y94*AA94),"")
C95: B08917B | F95: =IFERROR(VLOOKUP(C95,TE!$H:$Y,2,FALSE),"(Not on TE)") | U95: =IFERROR(VLOOKUP(C95,TE!$H:$Y,9,FALSE),"0") | W95: =SUMIFS(TE!$O:$O,TE!$G:$G,$C$40,TE!$I:$I,C95,TE!$D:$D,$C$5) | Y95: =IFERROR(VLOOKUP(C95,TE!$H:$Y,16,FALSE),"0") | AA95: =IFERROR(VLOOKUP(C95,TE!$H:$Y,17,FALSE),"0") | AC95: =IFERROR((W95*Y95*AA95),"")
C96: B09537B | F96: =IFERROR(VLOOKUP(C96,TE!$H:$Y,2,FALSE),"(Not on TE)") | U96: =IFERROR(VLOOKUP(C96,TE!$H:$Y,9,FALSE),"0") | W96: =SUMIFS(TE!$O:$O,TE!$G:$G,$C$40,TE!$I:$I,C96,TE!$D:$D,$C$5) | Y96: =IFERROR(VLOOKUP(C96,TE!$H:$Y,16,FALSE),"0") | AA96: =IFERROR(VLOOKUP(C96,TE!$H:$Y,17,FALSE),"0") | AC96: =IFERROR((W96*Y96*AA96),"")
C97: B09537BB | F97: =IFERROR(VLOOKUP(C97,TE!$H:$Y,2,FALSE),"(Not on TE)") | U97: =IFERROR(VLOOKUP(C97,TE!$H:$Y,9,FALSE),"0") | W97: =SUMIFS(TE!$O:$O,TE!$G:$G,$C$40,TE!$I:$I,C97,TE!$D:$D,$C$5) | Y97: =IFERROR(VLOOKUP(C97,TE!$H:$Y,16,FALSE),"0") | AA97: =IFERROR(VLOOKUP(C97,TE!$H:$Y,17,FALSE),"0") | AC97: =IFERROR((W97*Y97*AA97),"")
C98: B09807B | F98: =IFERROR(VLOOKUP(C98,TE!$H:$Y,2,FALSE),"(Not on TE)") | U98: =IFERROR(VLOOKUP(C98,TE!$H:$Y,9,FALSE),"0") | W98: =SUMIFS(TE!$O:$O,TE!$G:$G,$C$40,TE!$I:$I,C98,TE!$D:$D,$C$5) | Y98: =IFERROR(VLOOKUP(C98,TE!$H:$Y,16,FALSE),"0") | AA98: =IFERROR(VLOOKUP(C98,TE!$H:$Y,17,FALSE),"0") | AC98: =IFERROR((W98*Y98*AA98),"")
C99: B10217B | F99: =IFERROR(VLOOKUP(C99,TE!$H:$Y,2,FALSE),"(Not on TE)") | U99: =IFERROR(VLOOKUP(C99,TE!$H:$Y,9,FALSE),"0") | W99: =SUMIFS(TE!$O:$O,TE!$G:$G,$C$40,TE!$I:$I,C99,TE!$D:$D,$C$5) | Y99: =IFERROR(VLOOKUP(C99,TE!$H:$Y,16,FALSE),"0") | AA99: =IFERROR(VLOOKUP(C99,TE!$H:$Y,17,FALSE),"0") | AC99: =IFERROR((W99*Y99*AA99),"")
C100: B10457B | F100: =IFERROR(VLOOKUP(C100,TE!$H:$Y,2,FALSE),"(Not on TE)") | U100: =IFERROR(VLOOKUP(C100,TE!$H:$Y,9,FALSE),"0") | W100: =SUMIFS(TE!$O:$O,TE!$G:$G,$C$40,TE!$I:$I,C100,TE!$D:$D,$C$5) | Y100: =IFERROR(VLOOKUP(C100,TE!$H:$Y,16,FALSE),"0") | AA100: =IFERROR(VLOOKUP(C100,TE!$H:$Y,17,FALSE),"0") | AC100: =IFERROR((W100*Y100*AA100),"")
... C125: D00307K | F125: =IFERROR(VLOOKUP(C125,TE!$H:$Y,2,FALSE),"(Not on TE)") | U125: =IFERROR(VLOOKUP(C125,TE!$H:$Y,9,FALSE),"0") | W125: =SUMIFS(TE!$O:$O,TE!$G:$G,$C$40,TE!$I:$I,C125,TE!$D:$D,$C$5) | Y125: =IFERROR(VLOOKUP(C125,TE!$H:$Y,16,FALSE),"0") | AA125: =IFERROR(VLOOKUP(C125,TE!$H:$Y,17,FALSE),"0") | AC125: =IFERROR((W125*Y125*AA125),"")
AA126: Continued Below
A129: CCN: | C129: =$C$5 | M129: Nomenclature: | R129: =$R$5
C131: Operational Vehicle Laydown Area per UFC 2-000-05N Table 14312-1
C132: =C86 | F132: =F86
C133: TAMCN | F133: Description | U133: L (FT) | W133: Qty | Y133: Area (NSY) | AA133: NTG | AC133: GSY
C135: D00317K | F135: =IFERROR(VLOOKUP(C135,TE!$H:$Y,2,FALSE),"(Not on TE)") | U135: =IFERROR(VLOOKUP(C135,TE!$H:$Y,9,FALSE),"0") | W135: =SUMIFS(TE!$O:$O,TE!$G:$G,$C$40,TE!$I:$I,C135,TE!$D:$D,$C$5) | Y135: =IFERROR(VLOOKUP(C135,TE!$H:$Y,16,FALSE),"0") | AA135: =IFERROR(VLOOKUP(C135,TE!$H:$Y,17,FALSE),"0") | AC135: =IFERROR((W135*Y135*AA135),"")
C136: D00327K | F136: =IFERROR(VLOOKUP(C136,TE!$H:$Y,2,FALSE),"(Not on TE)") | U136: =IFERROR(VLOOKUP(C136,TE!$H:$Y,9,FALSE),"0") | W136: =SUMIFS(TE!$O:$O,TE!$G:$G,$C$40,TE!$I:$I,C136,TE!$D:$D,$C$5) | Y136: =IFERROR(VLOOKUP(C136,TE!$H:$Y,16,FALSE),"0") | AA136: =IFERROR(VLOOKUP(C136,TE!$H:$Y,17,FALSE),"0") | AC136: =IFERROR((W136*Y136*AA136),"")
C137: D00337K | F137: =IFERROR(VLOOKUP(C137,TE!$H:$Y,2,FALSE),"(Not on TE)") | U137: =IFERROR(VLOOKUP(C137,TE!$H:$Y,9,FALSE),"0") | W137: =SUMIFS(TE!$O:$O,TE!$G:$G,$C$40,TE!$I:$I,C137,TE!$D:$D,$C$5) | Y137: =IFERROR(VLOOKUP(C137,TE!$H:$Y,16,FALSE),"0") | AA137: =IFERROR(VLOOKUP(C137,TE!$H:$Y,17,FALSE),"0") | AC137: =IFERROR((W137*Y137*AA137),"")
C138: D00347K | F138: =IFERROR(VLOOKUP(C138,TE!$H:$Y,2,FALSE),"(Not on TE)") | U138: =IFERROR(VLOOKUP(C138,TE!$H:$Y,9,FALSE),"0") | W138: =SUMIFS(TE!$O:$O,TE!$G:$G,$C$40,TE!$I:$I,C138,TE!$D:$D,$C$5) | Y138: =IFERROR(VLOOKUP(C138,TE!$H:$Y,16,FALSE),"0") | AA138: =IFERROR(VLOOKUP(C138,TE!$H:$Y,17,FALSE),"0") | AC138: =IFERROR((W138*Y138*AA138),"")
C139: D00357K | F139: =IFERROR(VLOOKUP(C139,TE!$H:$Y,2,FALSE),"(Not on TE)") | U139: =IFERROR(VLOOKUP(C139,TE!$H:$Y,9,FALSE),"0") | W139: =SUMIFS(TE!$O:$O,TE!$G:$G,$C$40,TE!$I:$I,C139,TE!$D:$D,$C$5) | Y139: =IFERROR(VLOOKUP(C139,TE!$H:$Y,16,FALSE),"0") | AA139: =IFERROR(VLOOKUP(C139,TE!$H:$Y,17,FALSE),"0") | AC139: =IFERROR((W139*Y139*AA139),"")
C140: D00367K | F140: =IFERROR(VLOOKUP(C140,TE!$H:$Y,2,FALSE),"(Not on TE)") | U140: =IFERROR(VLOOKUP(C140,TE!$H:$Y,9,FALSE),"0") | W140: =SUMIFS(TE!$O:$O,TE!$G:$G,$C$40,TE!$I:$I,C140,TE!$D:$D,$C$5) | Y140: =IFERROR(VLOOKUP(C140,TE!$H:$Y,16,FALSE),"0") | AA140: =IFERROR(VLOOKUP(C140,TE!$H:$Y,17,FALSE),"0") | AC140: =IFERROR((W140*Y140*AA140),"")
C141: D00422B | F141: =IFERROR(VLOOKUP(C141,TE!$H:$Y,2,FALSE),"(Not on TE)") | U141: =IFERROR(VLOOKUP(C141,TE!$H:$Y,9,FALSE),"0") | W141: =SUMIFS(TE!$O:$O,TE!$G:$G,$C$40,TE!$I:$I,C141,TE!$D:$D,$C$5) | Y141: =IFERROR(VLOOKUP(C141,TE!$H:$Y,16,FALSE),"0") | AA141: =IFERROR(VLOOKUP(C141,TE!$H:$Y,17,FALSE),"0") | AC141: =IFERROR((W141*Y141*AA141),"")
C142: D00432B | F142: =IFERROR(VLOOKUP(C142,TE!$H:$Y,2,FALSE),"(Not on TE)") | U142: =IFERROR(VLOOKUP(C142,TE!$H:$Y,9,FALSE),"0") | W142: =SUMIFS(TE!$O:$O,TE!$G:$G,$C$40,TE!$I:$I,C142,TE!$D:$D,$C$5) | Y142: =IFERROR(VLOOKUP(C142,TE!$H:$Y,16,FALSE),"0") | AA142: =IFERROR(VLOOKUP(C142,TE!$H:$Y,17,FALSE),"0") | AC142: =IFERROR((W142*Y142*AA142),"")
C143: D00457K | F143: =IFERROR(VLOOKUP(C143,TE!$H:$Y,2,FALSE),"(Not on TE)") | U143: =IFERROR(VLOOKUP(C143,TE!$H:$Y,9,FALSE),"0") | W143: =SUMIFS(TE!$O:$O,TE!$G:$G,$C$40,TE!$I:$I,C143,TE!$D:$D,$C$5) | Y143: =IFERROR(VLOOKUP(C143,TE!$H:$Y,16,FALSE),"0") | AA143: =IFERROR(VLOOKUP(C143,TE!$H:$Y,17,FALSE),"0") | AC143: =IFERROR((W143*Y143*AA143),"")
C144: D00467K | F144: =IFERROR(VLOOKUP(C144,TE!$H:$Y,2,FALSE),"(Not on TE)") | U144: =IFERROR(VLOOKUP(C144,TE!$H:$Y,9,FALSE),"0") | W144: =SUMIFS(TE!$O:$O,TE!$G:$G,$C$40,TE!$I:$I,C144,TE!$D:$D,$C$5) | Y144: =IFERROR(VLOOKUP(C144,TE!$H:$Y,16,FALSE),"0") | AA144: =IFERROR(VLOOKUP(C144,TE!$H:$Y,17,FALSE),"0") | AC144: =IFERROR((W144*Y144*AA144),"")
C145: D00487K | F145: =IFERROR(VLOOKUP(C145,TE!$H:$Y,2,FALSE),"(Not on TE)") | U145: =IFERROR(VLOOKUP(C145,TE!$H:$Y,9,FALSE),"0") | W145: =SUMIFS(TE!$O:$O,TE!$G:$G,$C$40,TE!$I:$I,C145,TE!$D:$D,$C$5) | Y145: =IFERROR(VLOOKUP(C145,TE!$H:$Y,16,FALSE),"0") | AA145: =IFERROR(VLOOKUP(C145,TE!$H:$Y,17,FALSE),"0") | AC145: =IFERROR((W145*Y145*AA145),"")
C146: D00527K | F146: =IFERROR(VLOOKUP(C146,TE!$H:$Y,2,FALSE),"(Not on TE)") | U146: =IFERROR(VLOOKUP(C146,TE!$H:$Y,9,FALSE),"0") | W146: =SUMIFS(TE!$O:$O,TE!$G:$G,$C$40,TE!$I:$I,C146,TE!$D:$D,$C$5) | Y146: =IFERROR(VLOOKUP(C146,TE!$H:$Y,16,FALSE),"0") | AA146: =IFERROR(VLOOKUP(C146,TE!$H:$Y,17,FALSE),"0") | AC146: =IFERROR((W146*Y146*AA146),"")
... C171: E00707B | F171: =IFERROR(VLOOKUP(C171,TE!$H:$Y,2,FALSE),"(Not on TE)") | U171: =IFERROR(VLOOKUP(C171,TE!$H:$Y,9,FALSE),"0") | W171: =SUMIFS(TE!$O:$O,TE!$G:$G,$C$40,TE!$I:$I,C171,TE!$D:$D,$C$5) | Y171: =IFERROR(VLOOKUP(C171,TE!$H:$Y,16,FALSE),"0") | AA171: =IFERROR(VLOOKUP(C171,TE!$H:$Y,17,FALSE),"0") | AC171: =IFERROR((W171*Y171*AA171),"")
AA172: Continued Below
A175: CCN: | C175: =$C$5 | M175: Nomenclature: | R175: =$R$5
C177: Operational Vehicle Laydown Area per UFC 2-000-05N Table 14312-1
C178: =C132 | F178: =F132
C179: TAMCN | F179: Description | U179: L (FT) | W179: Qty | Y179: Area (NSY) | AA179: NTG | AC179: GSY
C181: E00712BA | F181: =IFERROR(VLOOKUP(C181,TE!$H:$Y,2,FALSE),"(Not on TE)") | U181: =IFERROR(VLOOKUP(C181,TE!$H:$Y,9,FALSE),"0") | W181: =SUMIFS(TE!$O:$O,TE!$G:$G,$C$40,TE!$I:$I,C181,TE!$D:$D,$C$5) | Y181: =IFERROR(VLOOKUP(C181,TE!$H:$Y,16,FALSE),"0") | AA181: =IFERROR(VLOOKUP(C181,TE!$H:$Y,17,FALSE),"0") | AC181: =IFERROR((W181*Y181*AA181),"")
C182: E13787K | F182: =IFERROR(VLOOKUP(C182,TE!$H:$Y,2,FALSE),"(Not on TE)") | U182: =IFERROR(VLOOKUP(C182,TE!$H:$Y,9,FALSE),"0") | W182: =SUMIFS(TE!$O:$O,TE!$G:$G,$C$40,TE!$I:$I,C182,TE!$D:$D,$C$5) | Y182: =IFERROR(VLOOKUP(C182,TE!$H:$Y,16,FALSE),"0") | AA182: =IFERROR(VLOOKUP(C182,TE!$H:$Y,17,FALSE),"0") | AC182: =IFERROR((W182*Y182*AA182),"")
C183: E18887M | F183: =IFERROR(VLOOKUP(C183,TE!$H:$Y,2,FALSE),"(Not on TE)") | U183: =IFERROR(VLOOKUP(C183,TE!$H:$Y,9,FALSE),"0") | W183: =SUMIFS(TE!$O:$O,TE!$G:$G,$C$40,TE!$I:$I,C183,TE!$D:$D,$C$5) | Y183: =IFERROR(VLOOKUP(C183,TE!$H:$Y,16,FALSE),"0") | AA183: =IFERROR(VLOOKUP(C183,TE!$H:$Y,17,FALSE),"0") | AC183: =IFERROR((W183*Y183*AA183),"")
C184: K79022B | F184: =IFERROR(VLOOKUP(C184,TE!$H:$Y,2,FALSE),"(Not on TE)") | U184: =IFERROR(VLOOKUP(C184,TE!$H:$Y,9,FALSE),"0") | W184: =SUMIFS(TE!$O:$O,TE!$G:$G,$C$40,TE!$I:$I,C184,TE!$D:$D,$C$5) | Y184: =IFERROR(VLOOKUP(C184,TE!$H:$Y,16,FALSE),"0") | AA184: =IFERROR(VLOOKUP(C184,TE!$H:$Y,17,FALSE),"0") | AC184: =IFERROR((W184*Y184*AA184),"")
C185: B00497B | F185: =IFERROR(VLOOKUP(C185,TE!$H:$Y,2,FALSE),"(Not on TE)") | U185: =IFERROR(VLOOKUP(C185,TE!$H:$Y,9,FALSE),"0") | W185: =SUMIFS(TE!$O:$O,TE!$G:$G,$C$40,TE!$I:$I,C185,TE!$D:$D,$C$5) | Y185: =IFERROR(VLOOKUP(C185,TE!$H:$Y,16,FALSE),"0") | AA185: =IFERROR(VLOOKUP(C185,TE!$H:$Y,17,FALSE),"0") | AC185: =IFERROR((W185*Y185*AA185),"")
C186: B00557B | F186: =IFERROR(VLOOKUP(C186,TE!$H:$Y,2,FALSE),"(Not on TE)") | U186: =IFERROR(VLOOKUP(C186,TE!$H:$Y,9,FALSE),"0") | W186: =SUMIFS(TE!$O:$O,TE!$G:$G,$C$40,TE!$I:$I,C186,TE!$D:$D,$C$5) | Y186: =IFERROR(VLOOKUP(C186,TE!$H:$Y,16,FALSE),"0") | AA186: =IFERROR(VLOOKUP(C186,TE!$H:$Y,17,FALSE),"0") | AC186: =IFERROR((W186*Y186*AA186),"")
C187: B00667B | F187: =IFERROR(VLOOKUP(C187,TE!$H:$Y,2,FALSE),"(Not on TE)") | U187: =IFERROR(VLOOKUP(C187,TE!$H:$Y,9,FALSE),"0") | W187: =SUMIFS(TE!$O:$O,TE!$G:$G,$C$40,TE!$I:$I,C187,TE!$D:$D,$C$5) | Y187: =IFERROR(VLOOKUP(C187,TE!$H:$Y,16,FALSE),"0") | AA187: =IFERROR(VLOOKUP(C187,TE!$H:$Y,17,FALSE),"0") | AC187: =IFERROR((W187*Y187*AA187),"")
C188: B07307BA | F188: =IFERROR(VLOOKUP(C188,TE!$H:$Y,2,FALSE),"(Not on TE)") | U188: =IFERROR(VLOOKUP(C188,TE!$H:$Y,9,FALSE),"0") | W188: =SUMIFS(TE!$O:$O,TE!$G:$G,$C$40,TE!$I:$I,C188,TE!$D:$D,$C$5) | Y188: =IFERROR(VLOOKUP(C188,TE!$H:$Y,16,FALSE),"0") | AA188: =IFERROR(VLOOKUP(C188,TE!$H:$Y,17,FALSE),"0") | AC188: =IFERROR((W188*Y188*AA188),"")
C189: B21307B | F189: =IFERROR(VLOOKUP(C189,TE!$H:$Y,2,FALSE),"(Not on TE)") | U189: =IFERROR(VLOOKUP(C189,TE!$H:$Y,9,FALSE),"0") | W189: =SUMIFS(TE!$O:$O,TE!$G:$G,$C$40,TE!$I:$I,C189,TE!$D:$D,$C$5) | Y189: =IFERROR(VLOOKUP(C189,TE!$H:$Y,16,FALSE),"0") | AA189: =IFERROR(VLOOKUP(C189,TE!$H:$Y,17,FALSE),"0") | AC189: =IFERROR((W189*Y189*AA189),"")
C190: B21307BB | F190: =IFERROR(VLOOKUP(C190,TE!$H:$Y,2,FALSE),"(Not on TE)") | U190: =IFERROR(VLOOKUP(C190,TE!$H:$Y,9,FALSE),"0") | W190: =SUMIFS(TE!$O:$O,TE!$G:$G,$C$40,TE!$I:$I,C190,TE!$D:$D,$C$5) | Y190: =IFERROR(VLOOKUP(C190,TE!$H:$Y,16,FALSE),"0") | AA190: =IFERROR(VLOOKUP(C190,TE!$H:$Y,17,FALSE),"0") | AC190: =IFERROR((W190*Y190*AA190),"")
Z218: Total = | AB218: =SUM(AC43:AE79)+SUM(AC89:AE125)+SUM(AC135:AE171)+SUM(AC181:AE191)
A221: CCN: | C221: =$C$5 | M221: Nomenclature: | R221: =$R$5
C223: Operational Vehicle Laydown Area per UFC 2-000-05N Table 14312-1
C224: =B22 | F224: SURGICAL CO A
C225: TAMCN | F225: Description | U225: L (FT) | W225: Qty | Y225: Area (NSY) | AA225: NTG | AC225: GSY
C227: A00477B | F227: =IFERROR(VLOOKUP(C227,TE!$H:$Y,2,FALSE),"(Not on TE)") | U227: =IFERROR(VLOOKUP(C227,TE!$H:$Y,9,FALSE),"0") | W227: =SUMIFS(TE!$O:$O,TE!$G:$G,$C$224,TE!$I:$I,C227,TE!$D:$D,$C$5) | Y227: =IFERROR(VLOOKUP(C227,TE!$H:$Y,16,FALSE),"0") | AA227: =IFERROR(VLOOKUP(C227,TE!$H:$Y,17,FALSE),"0") | AC227: =IFERROR((W227*Y227*AA227),"")
C228: A00557G | F228: =IFERROR(VLOOKUP(C228,TE!$H:$Y,2,FALSE),"(Not on TE)") | U228: =IFERROR(VLOOKUP(C228,TE!$H:$Y,9,FALSE),"0") | W228: =SUMIFS(TE!$O:$O,TE!$G:$G,$C$224,TE!$I:$I,C228,TE!$D:$D,$C$5) | Y228: =IFERROR(VLOOKUP(C228,TE!$H:$Y,16,FALSE),"0") | AA228: =IFERROR(VLOOKUP(C228,TE!$H:$Y,17,FALSE),"0") | AC228: =IFERROR((W228*Y228*AA228),"")
C229: A00617G | F229: =IFERROR(VLOOKUP(C229,TE!$H:$Y,2,FALSE),"(Not on TE)") | U229: =IFERROR(VLOOKUP(C229,TE!$H:$Y,9,FALSE),"0") | W229: =SUMIFS(TE!$O:$O,TE!$G:$G,$C$224,TE!$I:$I,C229,TE!$D:$D,$C$5) | Y229: =IFERROR(VLOOKUP(C229,TE!$H:$Y,16,FALSE),"0") | AA229: =IFERROR(VLOOKUP(C229,TE!$H:$Y,17,FALSE),"0") | AC229: =IFERROR((W229*Y229*AA229),"")
C230: A02427G | F230: =IFERROR(VLOOKUP(C230,TE!$H:$Y,2,FALSE),"(Not on TE)") | U230: =IFERROR(VLOOKUP(C230,TE!$H:$Y,9,FALSE),"0") | W230: =SUMIFS(TE!$O:$O,TE!$G:$G,$C$224,TE!$I:$I,C230,TE!$D:$D,$C$5) | Y230: =IFERROR(VLOOKUP(C230,TE!$H:$Y,16,FALSE),"0") | AA230: =IFERROR(VLOOKUP(C230,TE!$H:$Y,17,FALSE),"0") | AC230: =IFERROR((W230*Y230*AA230),"")
C231: A03877G | F231: =IFERROR(VLOOKUP(C231,TE!$H:$Y,2,FALSE),"(Not on TE)") | U231: =IFERROR(VLOOKUP(C231,TE!$H:$Y,9,FALSE),"0") | W231: =SUMIFS(TE!$O:$O,TE!$G:$G,$C$224,TE!$I:$I,C231,TE!$D:$D,$C$5) | Y231: =IFERROR(VLOOKUP(C231,TE!$H:$Y,16,FALSE),"0") | AA231: =IFERROR(VLOOKUP(C231,TE!$H:$Y,17,FALSE),"0") | AC231: =IFERROR((W231*Y231*AA231),"")
...

Sheet 14345
A1: BASIC FACILITY REQUIREMENTS WORKSHEET
A3: Installation: | G3: =UNIT_ROLLUP!F3 | M3: Tenant: | R3: =UNIT_ROLLUP!R3
A4: Installation UIC: | G4: =UNIT_ROLLUP!F4 | M4: Tenant UIC: | R4: =UNIT_ROLLUP!R4 | Y4: Planning Area: | AE4: =UNIT_ROLLUP!AE4
A5: CCN: | C5: 14345 | M5: Nomenclature: | R5: Armory
A6: LOADING ANALYSIS / JUSTIFICATION OF REQUIREMENT
A7: Description:
B8: Mission: Provide health service support to the III Marine expeditionary force (IIIMEF). CCN: Provides space for storage and routine maintenance of small arms. Justification: Armory space is required for the maintenance and storage of weapons and serialized equipment for which the command is responsible.
A14: Planning Criteria:
B15: FC 2-000-05N
B16: NAVFAC Infrastructure Reset BFR Consistency Guide
A18: Loading:
B19: FY2029 Table of Organization & Equipment (attached)
B20: M28262 Surgical Co B per CG MCIPAC endorsement 30 Apr 2026 relocating to MCB Camp Butler; included in this BFR Calculation.
B21: Interview walkthrough with 3D Medical Battalion, S-4 Logistics OIC on October 30, 2024.
A22: Analysis:
B23: Total Space Requirement Armory storage is managed at the battalion level.
B24: Storage1,2 | G24: Largest Co. | K24: Cleaning Area3 | P24: Total
B25: =Q32 | G25: =COUNTIFS(TO!G:G,"E",TO!F:F,"M28261") | K25: =G25*10 | P25: =B25+K25
B27: Storage See the attached UFC standard 143-45_MC_Armory.xls spreadsheet. Modified to include add'l TAMCNs
B28: Subordinate Unit | M28: Weapon Storage (NSF) | Q28: Gross SF
Q29: 1.28
B30: M28261 | E30: H&S CO | M30: =Z420 | Q30: =M30*$Q$29
B31: M28263 | E31: SURGICAL CO A | M31: =Z803 | Q31: =M31*$Q$29
P32: Total = | Q32: =SUM(Q30:T31)
B34: 1 Accounts for storage of weapons and related items, stored on racks and shelves in cages. See attached TE for item description. 2 Per the standard armory worksheet, each battalion requires a separate maintenance area, including desk/work space for armorers. Armory officers and chiefs, listed as 14345o on the TO, are afforded 120 GSF of office space. All other armorers, listed as 14345a on the TO, receive 105 GSF of space. See attached TO for billet breakdown. A standardized 134.2 GSF is added to accommodate personal weapon storage, locker storage, a hazmat locker and a safe. 3 Each battalion owns exterior, unenclosed, covered space for a weapons cleaning area, calculated as 10GSF/per PN for the largest company in the standard armory spreadsheet. Therefore, the space is calculated as 10GSF *252 PN (M28261).
A40: TOTAL REQUIREMENT: | H40: 576 | L40: GSF | AC40: Page | AD40: 1 | AE40: of | AF40: 27
A41: CCN: | C41: 14345 | M41: Nomenclature: | R41: Armory
A42: Spreadsheet derived from the UFC standard 143-45_MC_Armory.xls spreadsheet
A43: =B30 | D43: =E30
A44: TAM # | D44: DESCRIPTION | M44: No. | O44: No. per Unit | Q44: STORAGE UNITS | S44: SF PER UNIT | U44: Total (NSF) | W44: STORAGE TYPE | Y44: METHOD OF STORAGE (RACK, CABINET, SHELF, ETC.)
A47: A0152 | D47: Viewer, Night Vision-Recon M18 SWIR | M47: =SUMIFS(TE!P:P,TE!G:G,$A$43,TE!H:H,A47) | O47: 12 | Q47: =M47/O47 | S47: 13.4 | U47: =Q47*S47 | W47: A1A | Y47: Stored on Configurable Shelf
A48: C0004 | D48: Night Hunter Flashlight | M48: =SUMIFS(TE!P:P,TE!G:G,$A$43,TE!H:H,A48) | O48: 50 | Q48: =M48/O48 | S48: 13.4 | U48: =Q48*S48 | W48: A1A | Y48: Stored on Configurable Shelf
A49: C3115 | D49: CASE, AMMO, SML ARMS, 30 RD, F/RIFLE, M16 | M49: =SUMIFS(TE!P:P,TE!G:G,$A$43,TE!H:H,A49) | O49: 90 | Q49: =M49/O49 | S49: 13.4 | U49: =Q49*S49 | W49: A1A | Y49: Stored on Configurable Shelf
A50: C3250 | D50: Knife, Combat, K-Bar | M50: =SUMIFS(TE!P:P,TE!G:G,$A$43,TE!H:H,A50) | O50: n/a | Q50: n/a | S50: n/a | U50: n/a | W50: Z1A | Y50: Most knives are hung on the gun rack, therefore the space is included in gun rack floor area.
A51: C4310 | D51: Carrier, Rocket, Lincloe, Pack Adapter | M51: =SUMIFS(TE!P:P,TE!G:G,$A$43,TE!H:H,A51) | O51: 16 | Q51: =M51/O51 | S51: 13.4 | U51: =Q51*S51 | W51: A1A | Y51: Stored on Configurable Shelf
A52: E0001 | D52: SIGHT,THERMAL - AN/PAS-25 | M52: =SUMIFS(TE!P:P,TE!G:G,$A$43,TE!H:H,A52) | O52: 12 | Q52: =M52/O52 | S52: 13.4 | U52: =Q52*S52 | W52: A1A | Y52: Stored on Configurable Shelf
A53: E0005 | D53: BINOCULAR NIGHT VISION SYSTEM | M53: =SUMIFS(TE!P:P,TE!G:G,$A$43,TE!H:H,A53) | O53: 2 | Q53: =M53/O53 | S53: 13.4 | U53: =Q53*S53 | W53: A1A | Y53: Stored on Configurable Shelf
A54: E0006 | D54: Integrated Pointer, Illum, Designator (IZLID) | M54: =SUMIFS(TE!P:P,TE!G:G,$A$43,TE!H:H,A54) | O54: 112 | Q54: =M54/O54 | S54: 13.4 | U54: =Q54*S54 | W54: A1A | Y54: Stored on Configurable Shelf
A55: E0008 | D55: Individual Weapon, Night Sight I2 (IWNS I2) | M55: =SUMIFS(TE!P:P,TE!G:G,$A$43,TE!H:H,A55) | O55: 112 | Q55: =M55/O55 | S55: 13.4 | U55: =Q55*S55 | W55: A1A | Y55: Design still not determined. Will be stored in Configurable Shelf
A56: E0012 | D56: Thermal Imager, Medium Range (MRTB) | M56: =SUMIFS(TE!P:P,TE!G:G,$A$43,TE!H:H,A56) | O56: 112 | Q56: =M56/O56 | S56: 13.4 | U56: =Q56*S56 | W56: A1A | Y56: Design still not determined. Will be stored in Configurable Shelf
A57: E0013 | D57: TELESCOPE,ARTICULAT - M8541 | M57: =SUMIFS(TE!P:P,TE!G:G,$A$43,TE!H:H,A57) | O57: n/a | Q57: n/a | S57: n/a | U57: n/a | W57: Z1A | Y57: Stored on weapon, E1460, E1475, E0103
A58: E0016 | D58: Telescope, Scout Sniper Observation (Leopold) | M58: =SUMIFS(TE!P:P,TE!G:G,$A$43,TE!H:H,A58) | O58: 90 | Q58: =M58/O58 | S58: 13.4 | U58: =Q58*S58 | W58: A1A | Y58: Stored on Configurable Shelf
A59: E0017 | D59: Rifle Combat Optic, AN/PVQ-3, RCO-M4 | M59: =SUMIFS(TE!P:P,TE!G:G,$A$43,TE!H:H,A59) | O59: n/a | Q59: n/a | S59: n/a | U59: n/a | W59: Z1A | Y59: Stored on Weapon
A60: E0018 | D60: SIGHT UNIT,MECHANIC - M519 | M60: =SUMIFS(TE!P:P,TE!G:G,$A$43,TE!H:H,A60) | O60: 24 | Q60: =M60/O60 | S60: 13.4 | U60: =Q60*S60 | W60: A1A | Y60: Stored on Configurable Shelf
A61: E0019 | D61: Scout Sniper Night Observation Device | M61: =SUMIFS(TE!P:P,TE!G:G,$A$43,TE!H:H,A61) | O61: n/a | Q61: =M62/O62 | S61: 13.4 | U61: =Q61*S61 | W61: A1A | Y61: Design still not determined. Will be stored in Configurable Shelf
A62: E0020 | D62: Scout Sniper Mid-Range Night Sight (SSMRNS) | M62: =SUMIFS(TE!P:P,TE!G:G,$A$43,TE!H:H,A62) | O62: 72 | Q62: =M63/O63 | S62: 13.4 | U62: =Q62*S62 | W62: A1A | Y62: Stored on Configurable Shelf
A63: E0025 | D63: Grenade Launcher, Multi-shot (M32) | M63: =SUMIFS(TE!P:P,TE!G:G,$A$43,TE!H:H,A63) | O63: 10 | Q63: =ROUNDUP(M63/O63,0) | S63: 13.4 | U63: =Q63*S63 | W63: B1D | Y63: 5 per rack stacked 2 high
A64: E0027 | D64: BINOCULAR NIGHT VISION GOGGLE | M64: =SUMIFS(TE!P:P,TE!G:G,$A$43,TE!H:H,A64) | O64: 8 | Q64: =M64/O64 | S64: 13.4 | U64: =Q64*S64 | W64: A1A | Y64: Stored on Configurable Shelf
A65: E0028 | D65: Rifle, Sniper, Semi-Auto (MK11) | M65: =SUMIFS(TE!P:P,TE!G:G,$A$43,TE!H:H,A65) | O65: 1 | Q65: =ROUNDUP(M65/O65,0) | S65: 17.3 | U65: =Q65*S65 | W65: EIJ | Y65: Stored in hard case, 52" L x 17.5 " W x 6" H, stacked 5 high
AC67: Page | AD67: 2 | AE67: of | AF67: 27
A68: CCN: | C68: 14345 | M68: Nomenclature: | R68: Armory
A70: =A43 | D70: =D43
A71: TAM # | D71: DESCRIPTION | M71: No. | O71: No. per Unit | Q71: STORAGE UNITS | S71: SF PER UNIT | U71: Total (NSF) | W71: STORAGE TYPE | Y71: METHOD OF STORAGE (RACK, CABINET, SHELF, ETC.)
A74: E0031 | D74: CLIP-ON THERMAL IMAGER | M74: =SUMIFS(TE!P:P,TE!G:G,$A$43,TE!H:H,A74) | O74: 36 | Q74: =M74/O74 | S74: 13.4 | U74: =Q74*S74 | W74: A1A | Y74: Stored on Configurable Shelf
A75: E0032 | D75: MISSION PAYLOAD MODULE-NON-LETHAL WEAPONS SYSTEM | M75: =SUMIFS(TE!P:P,TE!G:G,$A$43,TE!H:H,A75) | O75: 2 | Q75: =ROUNDUP(M75/O75,0) | S75: 18 | U75: =Q75*S75 | W75: D1B | Y75: 2 per 48"Lx24"Wx84"H, cabinet
A76: E0038 | D76: Visible Light Illuminator | M76: =SUMIFS(TE!P:P,TE!G:G,$A$43,TE!H:H,A76) | O76: 100 | Q76: =M76/O76 | S76: 13.4 | U76: =Q76*S76 | W76: A1A | Y76: Stored on Configurable Shelf
A77: E0040 | D77: Suppressor, M-9 | M77: =SUMIFS(TE!P:P,TE!G:G,$A$43,TE!H:H,A77) | O77: n/a | Q77: n/a | S77: n/a | U77: n/a | W77: Z1A | Y77: Stored on weapon
A78: E0042 | D78: Suppressor, M-17 | M78: =SUMIFS(TE!P:P,TE!G:G,$A$43,TE!H:H,A78) | O78: n/a | Q78: n/a | S78: n/a | U78: n/a | W78: Z1A | Y78: Stored on weapon
A79: E0042 | D79: Portable Lightweight Designator Rangefinder (PLDR) | M79: =SUMIFS(TE!P:P,TE!G:G,$A$43,TE!H:H,A79) | O79: 1 | Q79: =ROUNDUP(M79/O79,0) | S79: 12.5 | U79: =Q79*S79 | W79: E1M | Y79: Future Equipment, Stacked in hard case 3 high
A80: E0050 | D80: Bayonet-Knife, M7 | M80: =SUMIFS(TE!P:P,TE!G:G,$A$43,TE!H:H,A80) | O80: n/a | Q80: n/a | S80: n/a | U80: n/a | W80: Z1A | Y80: Most knives are hung on the gun rack, therefore the space is included in gun rack floor area.
A81: E0053 | D81: Non Lethal Visual Haling Device (GBD IIIC) | M81: =SUMIFS(TE!P:P,TE!G:G,$A$43,TE!H:H,A81) | O81: 112 | Q81: =M81/O81 | S81: 13.4 | U81: =Q81*S81 | W81: A1A | Y81: Stored on Configurable Shelf
A82: E0054 | D82: RANGE FINDER,LASER - AN/PEQ-13 | M82: =SUMIFS(TE!P:P,TE!G:G,$A$43,TE!H:H,A82) | O82: 5 | Q82: =M82/O82 | S82: 13.4 | U82: =Q82*S82 | W82: A1A | Y82: Stored on Configurable Shelf
A83: E0055 | D83: Equipment Set, SABER/ Includes Battery Box (LBB) | M83: =SUMIFS(TE!P:P,TE!G:G,$A$43,TE!H:H,A83) | O83: 1 | Q83: =ROUNDUP(M83/O83,0) | S83: 20.1 | U83: =Q83*S83 | W83: E1A | Y83: Stacked in cases, one complete unit per stack.
A84: E0059 | D84: ILLUMINATOR,INFRARE - AN/PEQ-16B | M84: =SUMIFS(TE!P:P,TE!G:G,$A$43,TE!H:H,A84) | O84: 49 | Q84: =M84/O84 | S84: 13.4 | U84: =Q84*S84 | W84: A1A | Y84: Stored on Configurable Shelf
A85: E0060 | D85: SABER Far Target Locator (FTL) | M85: =SUMIFS(TE!P:P,TE!G:G,$A$43,TE!H:H,A85) | O85: 3 | Q85: =ROUNDUP(M85/O85,0) | S85: 10.333333 | U85: =Q85*S85 | W85: E1A | Y85: Hard case stacked 4 high
A86: E0081 | D86: MEDIUM MACHINE GUN VEHICLE MOUNT (MMGVM) | M86: =SUMIFS(TE!P:P,TE!G:G,$A$43,TE!H:H,A86) | O86: 4 | Q86: =ROUNDUP(M86/O86,0) | S86: 33 | U86: =Q86*S86 | W86: E1D | Y86: Store in embark boxes stacked 4 high
A87: E0082 | D87: SIGHTUNIT - TA11SDO | M87: =SUMIFS(TE!P:P,TE!G:G,$A$43,TE!H:H,A87) | O87: 80 | Q87: =M87/O87 | S87: 13.4 | U87: =Q87*S87 | W87: A1A | Y87: Stored on Configurable Shelf
A88: E0088 | D88: SIGHTUNIT - TA648MDO | M88: =SUMIFS(TE!P:P,TE!G:G,$A$43,TE!H:H,A88) | O88: 60 | Q88: =M88/O88 | S88: 13.4 | U88: =Q88*S88 | W88: A1A | Y88: Stored on Configurable Shelf
A89: E0095 | D89: PERISCOPE,PORTABLE - SU-256/U | M89: =SUMIFS(TE!P:P,TE!G:G,$A$43,TE!H:H,A89) | S89: 13.4 | U89: =Q89*S89 | W89: A1A | Y89: Stored on Configurable Shelf
A90: E0096 | D90: SCOUT SNIPER BALLISTIC COMPUTER | M90: =SUMIFS(TE!P:P,TE!G:G,$A$43,TE!H:H,A90) | O90: 3 | Q90: =M90/O90 | S90: 13.4 | U90: =Q90*S90 | W90: A1A | Y90: Stored on Configurable Shelf
A91: E0097 | D91: TOW ITAS BST - 13586323 | M91: =SUMIFS(TE!P:P,TE!G:G,$A$43,TE!H:H,A91) | O91: 5 | Q91: =M91/O91 | S91: 13.4 | U91: =Q91*S91 | W91: A1A | Y91: Stored on Configurable Shelf
A92: E0099 | D92: SIGHT, HOLOGRAPHIC | M92: =SUMIFS(TE!P:P,TE!G:G,$A$43,TE!H:H,A92) | O92: n/a | Q92: n/a | S92: n/a | U92: n/a | W92: Z1A | Y92: Stored on weapon
AC94: Page | AD94: 3 | AE94: of | AF94: 27
A95: CCN: | C95: 14345 | M95: Nomenclature: | R95: Armory
A97: =A70 | D97: =D70
A98: TAM # | D98: DESCRIPTION | M98: No. | O98: No. per Unit | Q98: STORAGE UNITS | S98: SF PER UNIT | U98: Total (NSF) | W98: STORAGE TYPE | Y98: METHOD OF STORAGE (RACK, CABINET, SHELF, ETC.)
A101: E0100 | D101: Rifle, 5.56mm | M101: =SUMIFS(TE!P:P,TE!G:G,$A$43,TE!H:H,A101) | O101: 21 | Q101: =ROUNDUP(M101/O101,0) | S101: 16.166667 | U101: =Q101*S101 | W101: B1B | Y101: 10 per rack, stacked 2 high
A102: E0103 | D102: RIFLE,7.62 MILLIMET - M110 | M102: =SUMIFS(TE!P:P,TE!G:G,$A$43,TE!H:H,A102) | O102: 16 | Q102: =ROUNDUP(M102/O102,0) | S102: 21 | U102: =Q102*S102 | W102: C1A | Y102: 8 per rack stacked 2 high + space for cases
A103: E0105 | D103: VIEWER KIT,COMMANDE - CVK | M103: =SUMIFS(TE!P:P,TE!G:G,$A$43,TE!H:H,A103) | O103: 12 | Q103: =ROUNDUP(M103/O103,0) | S103: 13.4 | U103: =Q103*S103 | W103: E1A | Y103: Hard case stacked 4 high
A104: E0106 | D104: SABER Maintenance Kit | M104: =SUMIFS(TE!P:P,TE!G:G,$A$43,TE!H:H,A104) | O104: 4 | Q104: =ROUNDUP(M104/O104,0) | S104: 8.6 | U104: =Q104*S104 | W104: E1I | Y104: Hard case stacked 4 high
A105: E0108 | D105: GLARE MOUT 532P-M | M105: =SUMIFS(TE!P:P,TE!G:G,$A$43,TE!H:H,A105) | O105: 0.5 | Q105: =M105/O105 | S105: 13.4 | U105: =Q105*S105 | W105: A1A | Y105: Stored on Configurable Shelf
A106: E0109 | D106: OCULAR INTERRUPTION DEVICE | M106: =SUMIFS(TE!P:P,TE!G:G,$A$43,TE!H:H,A106) | O106: 0.5 | Q106: =M106/O106 | S106: 13.4 | U106: =Q106*S106 | W106: A1A | Y106: Stored on Configurable Shelf
A107: E0116 | D107: STOW AND GO KIT COM - M32A1 | M107: =SUMIFS(TE!P:P,TE!G:G,$A$43,TE!H:H,A107) | O107: 12 | Q107: =M107/O107 | S107: 13.4 | U107: =Q107*S107 | W107: A1A | Y107: Stored on Configurable Shelf
A108: E0117 | D108: Sight Bore, Optical-M7 | M108: =SUMIFS(TE!P:P,TE!G:G,$A$43,TE!H:H,A108) | O108: 12 | Q108: =M108/O108 | S108: 13.4 | U108: =Q108*S108 | W108: A1A | Y108: Stored on Configurable Shelf
A109: E0118 | D109: SIGHT UNIT,MECHANIC - M521 | M109: =SUMIFS(TE!P:P,TE!G:G,$A$43,TE!H:H,A109) | O109: n/a | Q109: n/a | S109: n/a | U109: n/a | W109: Z1A | Y109: Stored on weapon, E0018
A110: E0119 | D110: SIGHT,REFLEX - M553 | M110: =SUMIFS(TE!P:P,TE!G:G,$A$43,TE!H:H,A110) | O110: n/a | Q110: n/a | S110: n/a | U110: n/a | W110: Z1A | Y110: Stored on weapon, E0018
A111: E0120 | D111: MOUNT,SIGHT,SMALL A | M111: =SUMIFS(TE!P:P,TE!G:G,$A$43,TE!H:H,A111) | O111: n/a | Q111: n/a | S111: n/a | U111: n/a | W111: Z1A | Y111: Stored on weapon, E0018
A112: E0123 | D112: Machine Gun, CAL .50, M2A1 | M112: =SUMIFS(TE!P:P,TE!G:G,$A$43,TE!H:H,A112) | O112: 4 | Q112: =ROUNDUP(M112/O112,0) | S112: 13.4 | U112: =Q112*S112 | W112: B1F | Y112: 4 per rack stacked 1 high
A113: E0127 | D113: Suppressor, Small Arms | M113: =SUMIFS(TE!P:P,TE!G:G,$A$43,TE!H:H,A113) | O113: 30 | Q113: n/a | S113: n/a | U113: n/a | W113: Z1A | Y113: Stored on weapon, E0190
A114: E0128 | D114: Squad Thermal Sight | M114: =SUMIFS(TE!P:P,TE!G:G,$A$43,TE!H:H,A114) | O114: 12 | Q114: =M114/O114 | S114: 13.4 | U114: =Q114*S114 | W114: A1A | Y114: Stored on Configurable Shelf
A115: E0131 | D115: Suppressor, Small Arms | M115: =SUMIFS(TE!P:P,TE!G:G,$A$43,TE!H:H,A115) | O115: 30 | Q115: n/a | S115: n/a | U115: n/a | W115: Z1A | Y115: Stored on weapon, E0103
A116: E0132 | D116: Suppressor, Small Arms | M116: =SUMIFS(TE!P:P,TE!G:G,$A$43,TE!H:H,A116) | O116: 30 | Q116: n/a | S116: n/a | U116: n/a | W116: Z1A | Y116: Stored on weapon, E1460
A117: E0134 | D117: SIGHTUNIT - SU-277/PSQ | M117: =SUMIFS(TE!P:P,TE!G:G,$A$43,TE!H:H,A117) | O117: 120 | Q117: =M117/O117 | S117: 13.4 | U117: =Q117*S117 | W117: A1A | Y117: Stored on Configurable Shelf
A118: E0135 | D118: Gage Kit, Small Arms | M118: =SUMIFS(TE!P:P,TE!G:G,$A$43,TE!H:H,A118) | O118: n/a | Q118: n/a | S118: n/a | U118: n/a | W118: A1B | Y118: included in 2171 workspace
A119: E0139 | D119: BORESCOPE - M1026 | M119: =SUMIFS(TE!P:P,TE!G:G,$A$43,TE!H:H,A119) | O119: 5 | Q119: =M119/O119 | S119: 13.4 | U119: =Q119*S119 | W119: A1A | Y119: Stored on Configurable Shelf
AC121: Page | AD121: 4 | AE121: of | AF121: 27
A122: CCN: | C122: 14345 | M122: Nomenclature: | R122: Armory
A124: =A97 | D124: =D97
A125: TAM # | D125: DESCRIPTION | M125: No. | O125: No. per Unit | Q125: STORAGE UNITS | S125: SF PER UNIT | U125: Total (NSF) | W125: STORAGE TYPE | Y125: METHOD OF STORAGE (RACK, CABINET, SHELF, ETC.)
A128: E0140 | D128: KIT,BORESIGHT,MACHI - M2 | M128: =SUMIFS(TE!P:P,TE!G:G,$A$43,TE!H:H,A128) | O128: 40 | Q128: =M128/O128 | S128: 13.4 | U128: =Q128*S128 | W128: A1A | Y128: Stored on Configurable Shelf
...

Sheet 17110
A1: BASIC FACILITY REQUIREMENTS WORKSHEET
A3: Installation: | G3: =UNIT_ROLLUP!F3 | M3: Tenant: | R3: =UNIT_ROLLUP!R3
A4: Installation UIC: | G4: =UNIT_ROLLUP!F4 | M4: Tenant UIC: | R4: =UNIT_ROLLUP!R4 | Y4: Planning Area: | AE4: =UNIT_ROLLUP!AE4
A5: CCN: | C5: 17110 | M5: Nomenclature: | R5: Academic Instruction Building
A11: Please see CCN 17120 BFR calculation. The space requirement for a CCN 17110 Academic Instruction Building has been rolled up to the CCN 17120 Applied Instruction Building.
A40: TOTAL REQUIREMENT: | H40: 0 | L40: SF | AC40: Page | AD40: 1 | AE40: of | AF40: 1

Sheet 17120
A1: BASIC FACILITY REQUIREMENTS WORKSHEET
A3: Installation: | G3: =UNIT_ROLLUP!F3 | M3: Tenant: | R3: =UNIT_ROLLUP!R3
A4: Installation UIC: | G4: =UNIT_ROLLUP!F4 | M4: Tenant UIC: | R4: =UNIT_ROLLUP!R4 | Y4: Planning Area: | AE4: =UNIT_ROLLUP!AE4
A5: CCN: | C5: 17120 | M5: Nomenclature: | R5: Applied Instruction Building
A6: LOADING ANALYSIS / JUSTIFICATION OF REQUIREMENT
A7: Description:
B8: Mission: Provide health service support to the III Marine expeditionary force (IIIMEF). CCN: Provides for training personnel through the applied use of technical equipment and tools; including complete functional systems such as weapons delivery systems, fire control systems, etc. Justification: 3D MED BN requires applied instruction spaces to support H&S Company's Preventative Medicine Unit's mission and courses are not USMC-wide academic requirements. This space supports the training of combat medics using anatomical dummies.
A16: Planning Criteria:
B17: FC 2-000-05N (P-80) 171 & 441 series
B18: NAVFAC Infrastructure Reset BFR Consistency Guide
A19: Loading:
B20: FY2029 Table of Organization & Equipment (attached)
B21: Interview walkthrough with 3D Medical Battalion, S-4 Logistics OIC and Medical Simulation Training Center (MSTC) POC on October 30, 2024.
A23: Analysis:
B24: Unit UIC/ Name | M24: Classroom Space | Q24: Support Space | U24: Total Gross SF
B26: M13020 | E26: 3D Medical Battalion | M26: =Z48 | Q26: =U67 | U26: =M26+Q26
Q27: =AA59 | U27: =$U$26*(M27+Q27)
Q28: Total = | U28: =SUM(U26:X27)
A40: TOTAL REQUIREMENT: | H40: =U28 | L40: SF | AC40: Page | AD40: 1 | AE40: of | AF40: 2
A41: CCN: | C41: =$C$5 | M41: Nomenclature: | R41: =$R$5
B44: Classroom Space
B45: Type of Space | H45: No. of Seats | L45: No. of Student Station | R45: Allowance | V45: 3Net-To-Gross | Z45: Total
B46: 1General Academic | H46: 30 | L46: - | R46: 21 | V46: 1.33 | Z46: =H46*R46*V46
B47: 2Hands-On Mockup | H47: - | L47: 4 | R47: 150 | Z47: =L47*R47
V48: Subtotal = | Z48: =SUM(Z46:AC47)
B50: 1 Per MSTC POC, it is ideal to have 30 seats at a time in a General Academic Classroom. Per Table 17110-1 Space Criteria for General Academic Classrooms, an allowance of 21 NSF per seat is given.
B52: 2 Per MSTC POC, there are 4 different stations at a time to conduct training personnel through use of technical equipment/tools such as an anatomical dummy/mannequin. Per CCN 17120, an allowance of 150 GSF per student station can be applied to compute gross area.
B54: 3 Per Table 171-1 Space Allowances for Intruction Facilities, multiply NSF by. 133 for Net to Gross conversion.
B58: Support Space Space
B59: Type of Space | H59: Qty. | L59: Allowance | Q59: Net-To-Gross | U59: Total
B60: Instructor's Work Space | H60: 1 | L60: 60 | Q60: 1.33 | U60: =H60*L60*Q60
B61: Instructor's Lounge | H61: - | L61: 450 | U61: =L61*Q60
B62: Student Break Area | H62: 30 | L62: 6 | U62: =H62*L62*Q60
B63: Training Aid Storage | H63: 30 | L63: 1.5 | U63: =H63*L63*Q60
B64: 1Additional Training Work Space | H64: - | L64: 400 | U64: =L64
B66: 2Additional Storage Space | H66: - | L66: =28*(22+(3/12)) | U66: =L66
Q67: Subtotal = | U67: =SUM(U60:Y65)
B69: 1 Per facility walkthrough and engineering evaluation, an additional training work space is required to prepare anatomical dummies to mimic real life situations such as painting them to be used for training.
B71: 2 Per facility walkthrough and engineering evaluation, an additional storage is required to store all training aid materials in addition to the Training Aid Storage provided with 1.5 NSF per student.
AC88: Page | AD88: 2 | AE88: of | AF88: 2

Sheet 21451
A1: BASIC FACILITY REQUIREMENTS WORKSHEET
A3: Installation: | F3: MCB Camp Butler | O3: Tenant: | S3: 3d MED BN
A4: Installation UIC: | F4: M67400 | O4: Tenant UIC: | S4: M13020
A5: CCN: | C5: 21451 | M5: Nomenclature: | R5: Automotive Organizational Shop
A6: LOADING ANALYSIS / JUSTIFICATION OF REQUIREMENT
A7: Description:
B8: Mission: Provide health service support to the Marine expeditionary force (MEF). CCN: Provides work areas for units to perform maintenance on items of organizational equipment. The shop space includes administrative and dispatching areas as well as storage for OEM equipment, tools, and parts. Justification: An Automotive Organizational Shop is required to perform maintenance on automotive and engineer equipment.
A14: Planning Criteria:
B15: UFC 2-000-05N - modified CCN 21420 to allow odd numbered bay counts
B16: NAVFAC Infrastructure Reset BFR Consistency Guide
A18: Loading:
B19: FY2025 Table of Organization & Equipment (attached)
A21: Analysis:
B22: Total Space Requirement1
B23: Maint Bays | F23: Admin Sppt2 | J23: Direct Sppt2 | N23: Total
B24: =Q32 | F24: =414*M33^0.854 | J24: =IF(M33<=14,347*M33+1129,22*M33+5706) | N24: =SUM(B24:M24)
B26: Maintenance Bays
B27: Subordinate Unit | M27: Bays | Q27: Area4 | V27: SL3 Storage3 | Z27: =Z28*Z29/2
B28: M28261 | E28: H&S CO | M28: =AB173 | Q28: Rounded at the BN level.5 | V28: Bay Length4 | Z28: 34
B29: M28263 | E29: SURGICAL COMPANY A | M29: =AB304 | V29: Bay Width4 | Z29: 16
B30: M28262 | E30: SURGICAL COMPANY B | M30: =AB435 | V30: Bay NTG | Z30: 1.33
M31: =AB566
L32: Total = | M32: =SUM(M28:P31) | Q32: =M33*((Z28*Z29)+Z27)*Z30
L33: Rounded Total5 = | M33: =ROUNDUP(M32,0)
B35: 1 Maintenance Bay calculations based on repair bay factor per vehicle, as determined by UFC 2-000-05N, Tables 21420-1, 2 & 3. 2 Support space requirements based on UFC 2-000-05N, Table 21420-4 (Space Requirements for Automotive Vehicle Maintenance Facility) and these equations were used to determine the admin and direct support spaces. 3 The 21420 criteria is intended for civilian motor transportation shops. The criteria does not account for component equipment (SL3) that must be removed, stored, and secured from operational unit vehicles. It was assumed that an extra half-bay is required for every calculated repair bay. 4 Maintenance Bay size based on size of largest vehicle on TE (26.24x8 FT). A standard 30x16 FT bay is not large enough to accommodate this vehicle. A 4 FT clearance was added to both the front and the rear to accommodate for personnel access. 5 Repair bays are rounded up to the closest whole number.
D43: REFER TO THE FOLLOWING PAGES FOR INDIVIDUAL SUBORDINATE UNIT BAY CALCULATIONS
A44: TOTAL REQUIREMENT: | H44: TBD | L44: GSF
A45: CCN: | C45: =$C$5 | M45: Nomenclature: | R45: =$R$5
B47: Maintenance Bay Calculations - per UFC 2-000-05N, Tables 21420-1, 2, & 3
B48: =B28 | E48: =INDEX($E$28:$E$32,MATCH(B48,$B$28:$B$32,0))
B49: TAMCN | E49: Description | N49: Cost Code | T49: Quantity | X49: Space Factor | AB49: Repair Bays
B51: A00557G | E51: =IFERROR(VLOOKUP(B51,TE!$H$1:$Y$749,2,FALSE),"(Not on TE)") | N51: =IFERROR(VLOOKUP(B51,TE!$H$1:$Y$749,18,FALSE),"") | T51: =IFERROR(SUMIFS(TE!$O:$O,TE!$G:$G,$B$48,TE!$I:$I,B51,TE!$D:$D,$C$5),"") | X51: =IFERROR(VLOOKUP(B51,TE!$H$1:$Y$630,14,FALSE),"0") | AB51: =T51*X51
B52: A00617G | E52: =IFERROR(VLOOKUP(B52,TE!$H$1:$Y$749,2,FALSE),"(Not on TE)") | N52: =IFERROR(VLOOKUP(B52,TE!$H$1:$Y$749,18,FALSE),"") | T52: =IFERROR(SUMIFS(TE!$O:$O,TE!$G:$G,$B$48,TE!$I:$I,B52,TE!$D:$D,$C$5),"") | X52: =IFERROR(VLOOKUP(B52,TE!$H$1:$Y$630,14,FALSE),"0") | AB52: =T52*X52
B53: A00677G | E53: =IFERROR(VLOOKUP(B53,TE!$H$1:$Y$749,2,FALSE),"(Not on TE)") | N53: =IFERROR(VLOOKUP(B53,TE!$H$1:$Y$749,18,FALSE),"") | T53: =IFERROR(SUMIFS(TE!$O:$O,TE!$G:$G,$B$48,TE!$I:$I,B53,TE!$D:$D,$C$5),"") | X53: =IFERROR(VLOOKUP(B53,TE!$H$1:$Y$630,14,FALSE),"0") | AB53: =T53*X53
B54: A01537G | E54: =IFERROR(VLOOKUP(B54,TE!$H$1:$Y$749,2,FALSE),"(Not on TE)") | N54: =IFERROR(VLOOKUP(B54,TE!$H$1:$Y$749,18,FALSE),"") | T54: =IFERROR(SUMIFS(TE!$O:$O,TE!$G:$G,$B$48,TE!$I:$I,B54,TE!$D:$D,$C$5),"") | X54: =IFERROR(VLOOKUP(B54,TE!$H$1:$Y$630,14,FALSE),"0") | AB54: =T54*X54
B55: A02427G | E55: =IFERROR(VLOOKUP(B55,TE!$H$1:$Y$749,2,FALSE),"(Not on TE)") | N55: =IFERROR(VLOOKUP(B55,TE!$H$1:$Y$749,18,FALSE),"") | T55: =IFERROR(SUMIFS(TE!$O:$O,TE!$G:$G,$B$48,TE!$I:$I,B55,TE!$D:$D,$C$5),"") | X55: =IFERROR(VLOOKUP(B55,TE!$H$1:$Y$630,14,FALSE),"0") | AB55: =T55*X55
B56: A02547G | E56: =IFERROR(VLOOKUP(B56,TE!$H$1:$Y$749,2,FALSE),"(Not on TE)") | N56: =IFERROR(VLOOKUP(B56,TE!$H$1:$Y$749,18,FALSE),"") | T56: =IFERROR(SUMIFS(TE!$O:$O,TE!$G:$G,$B$48,TE!$I:$I,B56,TE!$D:$D,$C$5),"") | X56: =IFERROR(VLOOKUP(B56,TE!$H$1:$Y$630,14,FALSE),"0") | AB56: =T56*X56
B57: A03877G | E57: =IFERROR(VLOOKUP(B57,TE!$H$1:$Y$749,2,FALSE),"(Not on TE)") | N57: =IFERROR(VLOOKUP(B57,TE!$H$1:$Y$749,18,FALSE),"") | T57: =IFERROR(SUMIFS(TE!$O:$O,TE!$G:$G,$B$48,TE!$I:$I,B57,TE!$D:$D,$C$5),"") | X57: =IFERROR(VLOOKUP(B57,TE!$H$1:$Y$630,14,FALSE),"0") | AB57: =T57*X57
B58: A03887G | E58: =IFERROR(VLOOKUP(B58,TE!$H$1:$Y$749,2,FALSE),"(Not on TE)") | N58: =IFERROR(VLOOKUP(B58,TE!$H$1:$Y$749,18,FALSE),"") | T58: =IFERROR(SUMIFS(TE!$O:$O,TE!$G:$G,$B$48,TE!$I:$I,B58,TE!$D:$D,$C$5),"") | X58: =IFERROR(VLOOKUP(B58,TE!$H$1:$Y$630,14,FALSE),"0") | AB58: =T58*X58
B59: A04037G | E59: =IFERROR(VLOOKUP(B59,TE!$H$1:$Y$749,2,FALSE),"(Not on TE)") | N59: =IFERROR(VLOOKUP(B59,TE!$H$1:$Y$749,18,FALSE),"") | T59: =IFERROR(SUMIFS(TE!$O:$O,TE!$G:$G,$B$48,TE!$I:$I,B59,TE!$D:$D,$C$5),"") | X59: =IFERROR(VLOOKUP(B59,TE!$H$1:$Y$630,14,FALSE),"0") | AB59: =T59*X59
B60: A04577G | E60: =IFERROR(VLOOKUP(B60,TE!$H$1:$Y$749,2,FALSE),"(Not on TE)") | N60: =IFERROR(VLOOKUP(B60,TE!$H$1:$Y$749,18,FALSE),"") | T60: =IFERROR(SUMIFS(TE!$O:$O,TE!$G:$G,$B$48,TE!$I:$I,B60,TE!$D:$D,$C$5),"") | X60: =IFERROR(VLOOKUP(B60,TE!$H$1:$Y$630,14,FALSE),"0") | AB60: =T60*X60
B61: A04587G | E61: =IFERROR(VLOOKUP(B61,TE!$H$1:$Y$749,2,FALSE),"(Not on TE)") | N61: =IFERROR(VLOOKUP(B61,TE!$H$1:$Y$749,18,FALSE),"") | T61: =IFERROR(SUMIFS(TE!$O:$O,TE!$G:$G,$B$48,TE!$I:$I,B61,TE!$D:$D,$C$5),"") | X61: =IFERROR(VLOOKUP(B61,TE!$H$1:$Y$630,14,FALSE),"0") | AB61: =T61*X61
B62: A19547G | E62: =IFERROR(VLOOKUP(B62,TE!$H$1:$Y$749,2,FALSE),"(Not on TE)") | N62: =IFERROR(VLOOKUP(B62,TE!$H$1:$Y$749,18,FALSE),"") | T62: =IFERROR(SUMIFS(TE!$O:$O,TE!$G:$G,$B$48,TE!$I:$I,B62,TE!$D:$D,$C$5),"") | X62: =IFERROR(VLOOKUP(B62,TE!$H$1:$Y$630,14,FALSE),"0") | AB62: =T62*X62
... B87: B03957B | E87: =IFERROR(VLOOKUP(B87,TE!$H$1:$Y$749,2,FALSE),"(Not on TE)") | N87: =IFERROR(VLOOKUP(B87,TE!$H$1:$Y$749,18,FALSE),"") | T87: =IFERROR(SUMIFS(TE!$O:$O,TE!$G:$G,$B$48,TE!$I:$I,B87,TE!$D:$D,$C$5),"") | X87: =IFERROR(VLOOKUP(B87,TE!$H$1:$Y$630,14,FALSE),"0") | AB87: =T87*X87
Z88: Continued Below
A90: CCN: | C90: =$C$5 | M90: Nomenclature: | R90: =$R$5
B92: =B48 | E92: =E48
B93: B04467B | E93: =IFERROR(VLOOKUP(B93,TE!$H$1:$Y$749,2,FALSE),"(Not on TE)") | N93: =IFERROR(VLOOKUP(B93,TE!$H$1:$Y$749,18,FALSE),"") | T93: =IFERROR(SUMIFS(TE!$O:$O,TE!$G:$G,$B$48,TE!$I:$I,B93,TE!$D:$D,$C$5),"") | X93: =IFERROR(VLOOKUP(B93,TE!$H$1:$Y$630,14,FALSE),"0") | AB93: =T93*X93
B94: B05797B | E94: =IFERROR(VLOOKUP(B94,TE!$H$1:$Y$749,2,FALSE),"(Not on TE)") | N94: =IFERROR(VLOOKUP(B94,TE!$H$1:$Y$749,18,FALSE),"") | T94: =IFERROR(SUMIFS(TE!$O:$O,TE!$G:$G,$B$48,TE!$I:$I,B94,TE!$D:$D,$C$5),"") | X94: =IFERROR(VLOOKUP(B94,TE!$H$1:$Y$630,14,FALSE),"0") | AB94: =T94*X94
B95: B06407B | E95: =IFERROR(VLOOKUP(B95,TE!$H$1:$Y$749,2,FALSE),"(Not on TE)") | N95: =IFERROR(VLOOKUP(B95,TE!$H$1:$Y$749,18,FALSE),"") | T95: =IFERROR(SUMIFS(TE!$O:$O,TE!$G:$G,$B$48,TE!$I:$I,B95,TE!$D:$D,$C$5),"") | X95: =IFERROR(VLOOKUP(B95,TE!$H$1:$Y$630,14,FALSE),"0") | AB95: =T95*X95
B96: B06477BA | E96: =IFERROR(VLOOKUP(B96,TE!$H$1:$Y$749,2,FALSE),"(Not on TE)") | N96: =IFERROR(VLOOKUP(B96,TE!$H$1:$Y$749,18,FALSE),"") | T96: =IFERROR(SUMIFS(TE!$O:$O,TE!$G:$G,$B$48,TE!$I:$I,B96,TE!$D:$D,$C$5),"") | X96: =IFERROR(VLOOKUP(B96,TE!$H$1:$Y$630,14,FALSE),"0") | AB96: =T96*X96
B97: B07307B | E97: =IFERROR(VLOOKUP(B97,TE!$H$1:$Y$749,2,FALSE),"(Not on TE)") | N97: =IFERROR(VLOOKUP(B97,TE!$H$1:$Y$749,18,FALSE),"") | T97: =IFERROR(SUMIFS(TE!$O:$O,TE!$G:$G,$B$48,TE!$I:$I,B97,TE!$D:$D,$C$5),"") | X97: =IFERROR(VLOOKUP(B97,TE!$H$1:$Y$630,14,FALSE),"0") | AB97: =T97*X97
B98: B08917B | E98: =IFERROR(VLOOKUP(B98,TE!$H$1:$Y$749,2,FALSE),"(Not on TE)") | N98: =IFERROR(VLOOKUP(B98,TE!$H$1:$Y$749,18,FALSE),"") | T98: =IFERROR(SUMIFS(TE!$O:$O,TE!$G:$G,$B$48,TE!$I:$I,B98,TE!$D:$D,$C$5),"") | X98: =IFERROR(VLOOKUP(B98,TE!$H$1:$Y$630,14,FALSE),"0") | AB98: =T98*X98
B99: B09537B | E99: =IFERROR(VLOOKUP(B99,TE!$H$1:$Y$749,2,FALSE),"(Not on TE)") | N99: =IFERROR(VLOOKUP(B99,TE!$H$1:$Y$749,18,FALSE),"") | T99: =IFERROR(SUMIFS(TE!$O:$O,TE!$G:$G,$B$48,TE!$I:$I,B99,TE!$D:$D,$C$5),"") | X99: =IFERROR(VLOOKUP(B99,TE!$H$1:$Y$630,14,FALSE),"0") | AB99: =T99*X99
B100: B09537BB | E100: =IFERROR(VLOOKUP(B100,TE!$H$1:$Y$749,2,FALSE),"(Not on TE)") | N100: =IFERROR(VLOOKUP(B100,TE!$H$1:$Y$749,18,FALSE),"") | T100: =IFERROR(SUMIFS(TE!$O:$O,TE!$G:$G,$B$48,TE!$I:$I,B100,TE!$D:$D,$C$5),"") | X100: =IFERROR(VLOOKUP(B100,TE!$H$1:$Y$630,14,FALSE),"0") | AB100: =T100*X100
B101: B09807B | E101: =IFERROR(VLOOKUP(B101,TE!$H$1:$Y$749,2,FALSE),"(Not on TE)") | N101: =IFERROR(VLOOKUP(B101,TE!$H$1:$Y$749,18,FALSE),"") | T101: =IFERROR(SUMIFS(TE!$O:$O,TE!$G:$G,$B$48,TE!$I:$I,B101,TE!$D:$D,$C$5),"") | X101: =IFERROR(VLOOKUP(B101,TE!$H$1:$Y$630,14,FALSE),"0") | AB101: =T101*X101
B102: B10217B | E102: =IFERROR(VLOOKUP(B102,TE!$H$1:$Y$749,2,FALSE),"(Not on TE)") | N102: =IFERROR(VLOOKUP(B102,TE!$H$1:$Y$749,18,FALSE),"") | T102: =IFERROR(SUMIFS(TE!$O:$O,TE!$G:$G,$B$48,TE!$I:$I,B102,TE!$D:$D,$C$5),"") | X102: =IFERROR(VLOOKUP(B102,TE!$H$1:$Y$630,14,FALSE),"0") | AB102: =T102*X102
B103: B10457B | E103: =IFERROR(VLOOKUP(B103,TE!$H$1:$Y$749,2,FALSE),"(Not on TE)") | N103: =IFERROR(VLOOKUP(B103,TE!$H$1:$Y$749,18,FALSE),"") | T103: =IFERROR(SUMIFS(TE!$O:$O,TE!$G:$G,$B$48,TE!$I:$I,B103,TE!$D:$D,$C$5),"") | X103: =IFERROR(VLOOKUP(B103,TE!$H$1:$Y$630,14,FALSE),"0") | AB103: =T103*X103
B104: B15807B | E104: =IFERROR(VLOOKUP(B104,TE!$H$1:$Y$749,2,FALSE),"(Not on TE)") | N104: =IFERROR(VLOOKUP(B104,TE!$H$1:$Y$749,18,FALSE),"") | T104: =IFERROR(SUMIFS(TE!$O:$O,TE!$G:$G,$B$48,TE!$I:$I,B104,TE!$D:$D,$C$5),"") | X104: =IFERROR(VLOOKUP(B104,TE!$H$1:$Y$630,14,FALSE),"0") | AB104: =T104*X104
... B129: D00337K | E129: =IFERROR(VLOOKUP(B129,TE!$H$1:$Y$749,2,FALSE),"(Not on TE)") | N129: =IFERROR(VLOOKUP(B129,TE!$H$1:$Y$749,18,FALSE),"") | T129: =IFERROR(SUMIFS(TE!$O:$O,TE!$G:$G,$B$48,TE!$I:$I,B129,TE!$D:$D,$C$5),"") | X129: =IFERROR(VLOOKUP(B129,TE!$H$1:$Y$630,14,FALSE),"0") | AB129: =T129*X129
Z130: Continued Below
A133: CCN: | C133: =$C$5 | M133: Nomenclature: | R133: =$R$5
B135: =B92 | E135: =E92
B136: D00347K | E136: =IFERROR(VLOOKUP(B136,TE!$H$1:$Y$749,2,FALSE),"(Not on TE)") | N136: =IFERROR(VLOOKUP(B136,TE!$H$1:$Y$749,18,FALSE),"") | T136: =IFERROR(SUMIFS(TE!$O:$O,TE!$G:$G,$B$48,TE!$I:$I,B136,TE!$D:$D,$C$5),"") | X136: =IFERROR(VLOOKUP(B136,TE!$H$1:$Y$630,14,FALSE),"0") | AB136: =T136*X136
B137: D00357K | E137: =IFERROR(VLOOKUP(B137,TE!$H$1:$Y$749,2,FALSE),"(Not on TE)") | N137: =IFERROR(VLOOKUP(B137,TE!$H$1:$Y$749,18,FALSE),"") | T137: =IFERROR(SUMIFS(TE!$O:$O,TE!$G:$G,$B$48,TE!$I:$I,B137,TE!$D:$D,$C$5),"") | X137: =IFERROR(VLOOKUP(B137,TE!$H$1:$Y$630,14,FALSE),"0") | AB137: =T137*X137
B138: D00367K | E138: =IFERROR(VLOOKUP(B138,TE!$H$1:$Y$749,2,FALSE),"(Not on TE)") | N138: =IFERROR(VLOOKUP(B138,TE!$H$1:$Y$749,18,FALSE),"") | T138: =IFERROR(SUMIFS(TE!$O:$O,TE!$G:$G,$B$48,TE!$I:$I,B138,TE!$D:$D,$C$5),"") | X138: =IFERROR(VLOOKUP(B138,TE!$H$1:$Y$630,14,FALSE),"0") | AB138: =T138*X138
B139: D00457K | E139: =IFERROR(VLOOKUP(B139,TE!$H$1:$Y$749,2,FALSE),"(Not on TE)") | N139: =IFERROR(VLOOKUP(B139,TE!$H$1:$Y$749,18,FALSE),"") | T139: =IFERROR(SUMIFS(TE!$O:$O,TE!$G:$G,$B$48,TE!$I:$I,B139,TE!$D:$D,$C$5),"") | X139: =IFERROR(VLOOKUP(B139,TE!$H$1:$Y$630,14,FALSE),"0") | AB139: =T139*X139
B140: D00467K | E140: =IFERROR(VLOOKUP(B140,TE!$H$1:$Y$749,2,FALSE),"(Not on TE)") | N140: =IFERROR(VLOOKUP(B140,TE!$H$1:$Y$749,18,FALSE),"") | T140: =IFERROR(SUMIFS(TE!$O:$O,TE!$G:$G,$B$48,TE!$I:$I,B140,TE!$D:$D,$C$5),"") | X140: =IFERROR(VLOOKUP(B140,TE!$H$1:$Y$630,14,FALSE),"0") | AB140: =T140*X140
B141: D00487K | E141: =IFERROR(VLOOKUP(B141,TE!$H$1:$Y$749,2,FALSE),"(Not on TE)") | N141: =IFERROR(VLOOKUP(B141,TE!$H$1:$Y$749,18,FALSE),"") | T141: =IFERROR(SUMIFS(TE!$O:$O,TE!$G:$G,$B$48,TE!$I:$I,B141,TE!$D:$D,$C$5),"") | X141: =IFERROR(VLOOKUP(B141,TE!$H$1:$Y$630,14,FALSE),"0") | AB141: =T141*X141
B142: D00527K | E142: =IFERROR(VLOOKUP(B142,TE!$H$1:$Y$749,2,FALSE),"(Not on TE)") | N142: =IFERROR(VLOOKUP(B142,TE!$H$1:$Y$749,18,FALSE),"") | T142: =IFERROR(SUMIFS(TE!$O:$O,TE!$G:$G,$B$48,TE!$I:$I,B142,TE!$D:$D,$C$5),"") | X142: =IFERROR(VLOOKUP(B142,TE!$H$1:$Y$630,14,FALSE),"0") | AB142: =T142*X142
B143: D00537K | E143: =IFERROR(VLOOKUP(B143,TE!$H$1:$Y$749,2,FALSE),"(Not on TE)") | N143: =IFERROR(VLOOKUP(B143,TE!$H$1:$Y$749,18,FALSE),"") | T143: =IFERROR(SUMIFS(TE!$O:$O,TE!$G:$G,$B$48,TE!$I:$I,B143,TE!$D:$D,$C$5),"") | X143: =IFERROR(VLOOKUP(B143,TE!$H$1:$Y$630,14,FALSE),"0") | AB143: =T143*X143
B144: D00547K | E144: =IFERROR(VLOOKUP(B144,TE!$H$1:$Y$749,2,FALSE),"(Not on TE)") | N144: =IFERROR(VLOOKUP(B144,TE!$H$1:$Y$749,18,FALSE),"") | T144: =IFERROR(SUMIFS(TE!$O:$O,TE!$G:$G,$B$48,TE!$I:$I,B144,TE!$D:$D,$C$5),"") | X144: =IFERROR(VLOOKUP(B144,TE!$H$1:$Y$630,14,FALSE),"0") | AB144: =T144*X144
B145: D00557K | E145: =IFERROR(VLOOKUP(B145,TE!$H$1:$Y$749,2,FALSE),"(Not on TE)") | N145: =IFERROR(VLOOKUP(B145,TE!$H$1:$Y$749,18,FALSE),"") | T145: =IFERROR(SUMIFS(TE!$O:$O,TE!$G:$G,$B$48,TE!$I:$I,B145,TE!$D:$D,$C$5),"") | X145: =IFERROR(VLOOKUP(B145,TE!$H$1:$Y$630,14,FALSE),"0") | AB145: =T145*X145
B146: D00807K | E146: =IFERROR(VLOOKUP(B146,TE!$H$1:$Y$749,2,FALSE),"(Not on TE)") | N146: =IFERROR(VLOOKUP(B146,TE!$H$1:$Y$749,18,FALSE),"") | T146: =IFERROR(SUMIFS(TE!$O:$O,TE!$G:$G,$B$48,TE!$I:$I,B146,TE!$D:$D,$C$5),"") | X146: =IFERROR(VLOOKUP(B146,TE!$H$1:$Y$630,14,FALSE),"0") | AB146: =T146*X146
B147: D00857KM | E147: =IFERROR(VLOOKUP(B147,TE!$H$1:$Y$749,2,FALSE),"(Not on TE)") | N147: =IFERROR(VLOOKUP(B147,TE!$H$1:$Y$749,18,FALSE),"") | T147: =IFERROR(SUMIFS(TE!$O:$O,TE!$G:$G,$B$48,TE!$I:$I,B147,TE!$D:$D,$C$5),"") | X147: =IFERROR(VLOOKUP(B147,TE!$H$1:$Y$630,14,FALSE),"0") | AB147: =T147*X147
... B171: B16207B | E171: =IFERROR(VLOOKUP(B171,TE!$H$1:$Y$749,2,FALSE),"(Not on TE)") | N171: =IFERROR(VLOOKUP(B171,TE!$H$1:$Y$749,18,FALSE),"") | T171: =IFERROR(SUMIFS(TE!$O:$O,TE!$G:$G,$B$48,TE!$I:$I,B171,TE!$D:$D,$C$5),"") | X171: =IFERROR(VLOOKUP(B171,TE!$H$1:$Y$630,14,FALSE),"0") | AB171: =T171*X171
AA173: Total = | AB173: =SUM(AB51:AD87)+SUM(AB93:AD129)+SUM(AB136:AD172)
A176: CCN: | C176: =$C$5 | M176: Nomenclature: | R176: =$R$5
B178: Maintenance Bay Calculations - per UFC 2-000-05N, Tables 21420-1, 2, & 3
B179: =B29 | E179: =INDEX($E$28:$E$32,MATCH(B179,$B$28:$B$32,0))
B180: TAMCN | E180: Description | N180: Cost Code | T180: Quantity | X180: Space Factor | AB180: Repair Bays
B182: A00557G | E182: =IFERROR(VLOOKUP(B182,TE!$H$1:$Y$749,2,FALSE),"(Not on TE)") | N182: =IFERROR(VLOOKUP(B182,TE!$H$1:$Y$749,18,FALSE),"") | T182: =IFERROR(SUMIFS(TE!$O:$O,TE!$G:$G,$B$179,TE!$I:$I,B182,TE!$D:$D,$C$5),"") | X182: =IFERROR(VLOOKUP(B182,TE!$H$1:$Y$630,14,FALSE),"0") | AB182: =T182*X182
B183: A00617G | E183: =IFERROR(VLOOKUP(B183,TE!$H$1:$Y$749,2,FALSE),"(Not on TE)") | N183: =IFERROR(VLOOKUP(B183,TE!$H$1:$Y$749,18,FALSE),"") | T183: =IFERROR(SUMIFS(TE!$O:$O,TE!$G:$G,$B$179,TE!$I:$I,B183,TE!$D:$D,$C$5),"") | X183: =IFERROR(VLOOKUP(B183,TE!$H$1:$Y$630,14,FALSE),"0") | AB183: =T183*X183
B184: A00677G | E184: =IFERROR(VLOOKUP(B184,TE!$H$1:$Y$749,2,FALSE),"(Not on TE)") | N184: =IFERROR(VLOOKUP(B184,TE!$H$1:$Y$749,18,FALSE),"") | T184: =IFERROR(SUMIFS(TE!$O:$O,TE!$G:$G,$B$179,TE!$I:$I,B184,TE!$D:$D,$C$5),"") | X184: =IFERROR(VLOOKUP(B184,TE!$H$1:$Y$630,14,FALSE),"0") | AB184: =T184*X184
B185: A01537G | E185: =IFERROR(VLOOKUP(B185,TE!$H$1:$Y$749,2,FALSE),"(Not on TE)") | N185: =IFERROR(VLOOKUP(B185,TE!$H$1:$Y$749,18,FALSE),"") | T185: =IFERROR(SUMIFS(TE!$O:$O,TE!$G:$G,$B$179,TE!$I:$I,B185,TE!$D:$D,$C$5),"") | X185: =IFERROR(VLOOKUP(B185,TE!$H$1:$Y$630,14,FALSE),"0") | AB185: =T185*X185
B186: A02427G | E186: =IFERROR(VLOOKUP(B186,TE!$H$1:$Y$749,2,FALSE),"(Not on TE)") | N186: =IFERROR(VLOOKUP(B186,TE!$H$1:$Y$749,18,FALSE),"") | T186: =IFERROR(SUMIFS(TE!$O:$O,TE!$G:$G,$B$179,TE!$I:$I,B186,TE!$D:$D,$C$5),"") | X186: =IFERROR(VLOOKUP(B186,TE!$H$1:$Y$630,14,FALSE),"0") | AB186: =T186*X186
B187: A02547G | E187: =IFERROR(VLOOKUP(B187,TE!$H$1:$Y$749,2,FALSE),"(Not on TE)") | N187: =IFERROR(VLOOKUP(B187,TE!$H$1:$Y$749,18,FALSE),"") | T187: =IFERROR(SUMIFS(TE!$O:$O,TE!$G:$G,$B$179,TE!$I:$I,B187,TE!$D:$D,$C$5),"") | X187: =IFERROR(VLOOKUP(B187,TE!$H$1:$Y$630,14,FALSE),"0") | AB187: =T187*X187
B188: A03877G | E188: =IFERROR(VLOOKUP(B188,TE!$H$1:$Y$749,2,FALSE),"(Not on TE)") | N188: =IFERROR(VLOOKUP(B188,TE!$H$1:$Y$749,18,FALSE),"") | T188: =IFERROR(SUMIFS(TE!$O:$O,TE!$G:$G,$B$179,TE!$I:$I,B188,TE!$D:$D,$C$5),"") | X188: =IFERROR(VLOOKUP(B188,TE!$H$1:$Y$630,14,FALSE),"0") | AB188: =T188*X188
B189: A03887G | E189: =IFERROR(VLOOKUP(B189,TE!$H$1:$Y$749,2,FALSE),"(Not on TE)") | N189: =IFERROR(VLOOKUP(B189,TE!$H$1:$Y$749,18,FALSE),"") | T189: =IFERROR(SUMIFS(TE!$O:$O,TE!$G:$G,$B$179,TE!$I:$I,B189,TE!$D:$D,$C$5),"") | X189: =IFERROR(VLOOKUP(B189,TE!$H$1:$Y$630,14,FALSE),"0") | AB189: =T189*X189
B190: A04037G | E190: =IFERROR(VLOOKUP(B190,TE!$H$1:$Y$749,2,FALSE),"(Not on TE)") | N190: =IFERROR(VLOOKUP(B190,TE!$H$1:$Y$749,18,FALSE),"") | T190: =IFERROR(SUMIFS(TE!$O:$O,TE!$G:$G,$B$179,TE!$I:$I,B190,TE!$D:$D,$C$5),"") | X190: =IFERROR(VLOOKUP(B190,TE!$H$1:$Y$630,14,FALSE),"0") | AB190: =T190*X190
B191: A04577G | E191: =IFERROR(VLOOKUP(B191,TE!$H$1:$Y$749,2,FALSE),"(Not on TE)") | N191: =IFERROR(VLOOKUP(B191,TE!$H$1:$Y$749,18,FALSE),"") | T191: =IFERROR(SUMIFS(TE!$O:$O,TE!$G:$G,$B$179,TE!$I:$I,B191,TE!$D:$D,$C$5),"") | X191: =IFERROR(VLOOKUP(B191,TE!$H$1:$Y$630,14,FALSE),"0") | AB191: =T191*X191
B192: A04587G | E192: =IFERROR(VLOOKUP(B192,TE!$H$1:$Y$749,2,FALSE),"(Not on TE)") | N192: =IFERROR(VLOOKUP(B192,TE!$H$1:$Y$749,18,FALSE),"") | T192: =IFERROR(SUMIFS(TE!$O:$O,TE!$G:$G,$B$179,TE!$I:$I,B192,TE!$D:$D,$C$5),"") | X192: =IFERROR(VLOOKUP(B192,TE!$H$1:$Y$630,14,FALSE),"0") | AB192: =T192*X192
B193: A19547G | E193: =IFERROR(VLOOKUP(B193,TE!$H$1:$Y$749,2,FALSE),"(Not on TE)") | N193: =IFERROR(VLOOKUP(B193,TE!$H$1:$Y$749,18,FALSE),"") | T193: =IFERROR(SUMIFS(TE!$O:$O,TE!$G:$G,$B$179,TE!$I:$I,B193,TE!$D:$D,$C$5),"") | X193: =IFERROR(VLOOKUP(B193,TE!$H$1:$Y$630,14,FALSE),"0") | AB193: =T193*X193
... B218: B03957B | E218: =IFERROR(VLOOKUP(B218,TE!$H$1:$Y$749,2,FALSE),"(Not on TE)") | N218: =IFERROR(VLOOKUP(B218,TE!$H$1:$Y$749,18,FALSE),"") | T218: =IFERROR(SUMIFS(TE!$O:$O,TE!$G:$G,$B$179,TE!$I:$I,B218,TE!$D:$D,$C$5),"") | X218: =IFERROR(VLOOKUP(B218,TE!$H$1:$Y$630,14,FALSE),"0") | AB218: =T218*X218
Z219: Continued Below
A221: CCN: | C221: =$C$5 | M221: Nomenclature: | R221: =$R$5
B223: =B179 | E223: =E179
B224: B04467B | E224: =IFERROR(VLOOKUP(B224,TE!$H$1:$Y$749,2,FALSE),"(Not on TE)") | N224: =IFERROR(VLOOKUP(B224,TE!$H$1:$Y$749,18,FALSE),"") | T224: =IFERROR(SUMIFS(TE!$O:$O,TE!$G:$G,$B$179,TE!$I:$I,B224,TE!$D:$D,$C$5),"") | X224: =IFERROR(VLOOKUP(B224,TE!$H$1:$Y$630,14,FALSE),"0") | AB224: =T224*X224
B225: B05797B | E225: =IFERROR(VLOOKUP(B225,TE!$H$1:$Y$749,2,FALSE),"(Not on TE)") | N225: =IFERROR(VLOOKUP(B225,TE!$H$1:$Y$749,18,FALSE),"") | T225: =IFERROR(SUMIFS(TE!$O:$O,TE!$G:$G,$B$179,TE!$I:$I,B225,TE!$D:$D,$C$5),"") | X225: =IFERROR(VLOOKUP(B225,TE!$H$1:$Y$630,14,FALSE),"0") | AB225: =T225*X225
B226: B06407B | E226: =IFERROR(VLOOKUP(B226,TE!$H$1:$Y$749,2,FALSE),"(Not on TE)") | N226: =IFERROR(VLOOKUP(B226,TE!$H$1:$Y$749,18,FALSE),"") | T226: =IFERROR(SUMIFS(TE!$O:$O,TE!$G:$G,$B$179,TE!$I:$I,B226,TE!$D:$D,$C$5),"") | X226: =IFERROR(VLOOKUP(B226,TE!$H$1:$Y$630,14,FALSE),"0") | AB226: =T226*X226
...

Sheet 21710
A1: BASIC FACILITY REQUIREMENTS WORKSHEET
A3: Installation: | F3: MCB Camp Butler | M3: Tenant: | R3: 3d MED BN
A4: Installation UIC: | F4: M67400 | M4: Tenant UIC: | R4: M13020
A5: CCN: | C5: 21710 | M5: Nomenclature: | R5: Electronic/Communications Maintenance Shop
A6: LOADING ANALYSIS / JUSTIFICATION OF REQUIREMENT
A7: Description:
B8: Mission: Provide health service support to the Marine expeditionary force (MEF). CCN: Provides for maintenance and repair of non-airborne equipment. It contains office and support spaces for the Equipment Maintenance Officer (EMO) and the EMO Staff, equipment maintenance and training areas, and a small storage area for parts and supplies directly under the control of the EMO. Space for the MEU, LAV/EW, and MAGTF Platoons and teams are also included. Justification: An Electronics/Communications Maintenance Shop is required to provide maintenance/storage space for electronics and communications equipment as well as administration space as well as admin, training, and storage space for the support teams.
A18: Planning Criteria:
B19: UFC 2-000-05N
B20: NAVFAC Infrastructure Reset BFR Consistency Guide
A21: Loading:
B22: FY2025 Tables of Organization and Equipment
A24: Analysis:
B25: Total Space Requirement (from tables below)
B26: Subordinate Unit | M26: Admin | P26: Storage | T26: Shop Space | X26: Maint Bays | AB26: Total
B27: M28261 | E27: H&S CO | M27: =S37 | P27: =AB53 | T27: =AA70 | X27: =N80 | AB27: =SUM(M27:AA27)
B28: M28263 | E28: SURGICAL CO A | M28: =S38 | P28: =AB54 | T28: =AA71 | X28: =N81 | AB28: =SUM(M28:AA28)
B29: M28262 | E29: SURGICAL CO B | M29: =S39 | P29: =AB55 | T29: =AA72 | X29: =N82 | AB29: =SUM(M29:AA29)
M30: =S40 | P30: =AB56 | T30: =AA73 | X30: =N83 | AB30: =SUM(M30:AA30)
M31: =S41 | AA31: Total = | AB31: =SUM(AB27:AE30)
B34: Admin Space see attached TO for billet breakdown
B35: Subordinate Unit | M35: Off & ≥ E61 | P35: ≤ E52 | S35: Total
M36: 120 | P36: 90
B37: =B27 | E37: =E27 | M37: =COUNTIFS(TO!C:C,"21710o",TO!F:F,B37) | P37: =COUNTIFS(TO!C:C,"21710c",TO!F:F,B37) | S37: =M37*M$36+P37*P$36
B38: =B28 | E38: =E28 | M38: =COUNTIFS(TO!C:C,"21710o",TO!F:F,B38) | P38: =COUNTIFS(TO!C:C,"21710c",TO!F:F,B38) | S38: =M38*M$36+P38*P$36
B39: =B29 | E39: =E29 | M39: =COUNTIFS(TO!C:C,"21710o",TO!F:F,B39) | P39: =COUNTIFS(TO!C:C,"21710c",TO!F:F,B39) | S39: =M39*M$36+P39*P$36
B40: =B30 | E40: =E30 | M40: =COUNTIFS(TO!C:C,"21710o",TO!F:F,B40) | P40: =COUNTIFS(TO!C:C,"21710c",TO!F:F,B40) | S40: =M40*M$36+P40*P$36
L41: Totals = | M41: =SUM(M37:O40)*M36
P42: =SUM(P37:R41)*P36 | S42: =SUM(S37:V41)
B43: 1 Shown as 21710o (o = office) in TO. 120GSF = 90 NSF * 1.33 NTG 2 Shown as 21710c (c = cubicle) in TO. 90 GSF = 45 NSF * 1.33 NTG. This label does NOT include marines in the shop spaces; it's intended for Data section type marines who sit at a computer full time.
A47: TOTAL REQUIREMENT: | H47: =AB31 | M47: SF
A48: CCN: | C48: =C5 | M48: Nomenclature: | R48: =R5
B50: Storage Space (4-Step Method of UFC 2-000-05N, Section 440-2.2), see attached TE for item breakdown
B51: Subordinate Unit | L51: Net Volume (NV) | P51: Gross Vol (NV*1.96) | T51: NSF w/ 7ft1 SH | X51: Non-TE Storage | AB51: Gross SF
AB52: 2
B53: =B27 | E53: =E27 | L53: =SUMIFS(TE!U:U,TE!D:D,$C$5,TE!G:G,B53,TE!U:U,"<>#N/A") | P53: =1.96*L53 | T53: =P53/7 | X53: =AB64 | AB53: =T53*$AB$52+X53
B54: =B28 | E54: =E28 | L54: =SUMIFS(TE!U:U,TE!D:D,$C$5,TE!G:G,B54,TE!U:U,"<>#N/A") | P54: =1.96*L54 | T54: =P54/7 | AB54: =T54*$AB$52+X54
B55: =B29 | E55: =E29 | L55: =SUMIFS(TE!U:U,TE!D:D,$C$5,TE!G:G,B55,TE!U:U,"<>#N/A") | P55: =1.96*L55 | T55: =P55/7 | AB55: =T55*$AB$52+X55
B56: =B30 | E56: =E30 | L56: =SUMIFS(TE!U:U,TE!D:D,$C$5,TE!G:G,B56,TE!U:U,"<>#N/A") | P56: =1.96*L56 | T56: =P56/7 | AB56: =T56*$AB$52+X56
AA57: Total = | AB57: =SUM(AB53:AE56)
B59: Warehouse Space for Non-TE Items2
B60: Description | K60: Qty | M60: L, in | O60: W, in | Q60: H, in | S60: Univ Fact3 | U60: Packed Vol CF | X60: NSF w/ 12ft SH | AB60: Gross SF
AB61: 2
U62: =K62*(M62*O62*Q62/1728)*S62 | X62: =U62/12 | AB62: =X62*AB61
U63: =K63*(M63*O63*Q63/1728)*S63 | X63: =U63/12 | AB63: =X63*AB61
AA64: Total = | AB64: =SUM(AB62:AE63)
B66: Shop Spaces
B67: Subordinate Unit | L67: Section4 | X67: Total NSF | AA67: 1.33
L68: Radio | N68: Comm | P68: Data | R68: Wire | T68: SHF | V68: Maint | AA68: Total GSF
L69: 600 | N69: 600 | P69: 600 | R69: 600 | T69: 600 | V69: 950
B70: =B27 | E70: =E27 | L70: =ROUNDUP((COUNTIFS(TO!C:C,"21710rs",TO!F:F,B70)/15),0) | N70: =ROUNDUP((COUNTIFS(TO!C:C,"21710cs",TO!F:F,B70)/15),0) | P70: =ROUNDUP((COUNTIFS(TO!C:C,"21710ds",TO!F:F,D70)/15),0) | R70: =ROUNDUP((COUNTIFS(TO!C:C,"21710ws",TO!F:F,F70)/15),0) | T70: =ROUNDUP((COUNTIFS(TO!C:C,"21710es",TO!F:F,B70)/15),0) | V70: =ROUNDUP((COUNTIFS(TO!C:C,"21710ms",TO!F:F,B70)/15),0) | X70: =L70*$L$69+N70*$N$69+P70*$P$69+R70*$R$69+T70*T69+V70*$V$69 | AA70: =X70*$AA$67
B71: =B28 | E71: =E28 | L71: =ROUNDUP((COUNTIFS(TO!C:C,"21710rs",TO!F:F,B71)/15),0) | N71: =ROUNDUP((COUNTIFS(TO!C:C,"21710cs",TO!F:F,B71)/15),0) | P71: =ROUNDUP((COUNTIFS(TO!C:C,"21710ds",TO!F:F,D71)/15),0) | R71: =ROUNDUP((COUNTIFS(TO!C:C,"21710ws",TO!F:F,F71)/15),0) | T71: =ROUNDUP((COUNTIFS(TO!C:C,"21710es",TO!F:F,B71)/15),0) | V71: =ROUNDUP((COUNTIFS(TO!C:C,"21710ms",TO!F:F,B71)/15),0) | X71: =L71*$L$69+N71*$N$69+P71*$P$69+R71*$R$69+T71*T70+V71*$V$69 | AA71: =X71*$AA$67
B72: =B29 | E72: =E29 | L72: =ROUNDUP((COUNTIFS(TO!C:C,"21710rs",TO!F:F,B72)/15),0) | N72: =ROUNDUP((COUNTIFS(TO!C:C,"21710cs",TO!F:F,B72)/15),0) | P72: =ROUNDUP((COUNTIFS(TO!C:C,"21710ds",TO!F:F,D72)/15),0) | R72: =ROUNDUP((COUNTIFS(TO!C:C,"21710ws",TO!F:F,F72)/15),0) | T72: =ROUNDUP((COUNTIFS(TO!C:C,"21710es",TO!F:F,B72)/15),0) | V72: =ROUNDUP((COUNTIFS(TO!C:C,"21710ms",TO!F:F,B72)/15),0) | X72: =L72*$L$69+N72*$N$69+P72*$P$69+R72*$R$69+T72*T71+V72*$V$69 | AA72: =X72*$AA$67
B73: =B30 | E73: =E30 | L73: =ROUNDUP((COUNTIFS(TO!C:C,"21710rs",TO!F:F,B73)/15),0) | N73: =ROUNDUP((COUNTIFS(TO!C:C,"21710cs",TO!F:F,B73)/15),0) | P73: =ROUNDUP((COUNTIFS(TO!C:C,"21710ds",TO!F:F,D73)/15),0) | R73: =ROUNDUP((COUNTIFS(TO!C:C,"21710ws",TO!F:F,F73)/15),0) | T73: =ROUNDUP((COUNTIFS(TO!C:C,"21710es",TO!F:F,B73)/15),0) | V73: =ROUNDUP((COUNTIFS(TO!C:C,"21710ms",TO!F:F,B73)/15),0) | X73: =L73*$L$69+N73*$N$69+P73*$P$69+R73*$R$69+T73*T72+V73*$V$69 | AA73: =X73*$AA$67
W74: Total = | AA74: =SUM(AA70:AC73)
B76: Maintenance Bays
B77: Subordinate Unit | L77: Maint Bay5 | N77: Total GSF | R77: Bay Length | V77: 34 | X77: FT
R78: Bay Width | V78: 16 | X78: FT
L79: =V77*V78
B80: =B27 | E80: =E27 | L80: =ROUNDUP(((SUM(L70:U70)*0.5+V70)),0) | N80: =L80*$L$79
B81: =B28 | E81: =E28 | L81: =ROUNDUP(((SUM(L71:U71)*0.5+V71)),0) | N81: =L81*$L$79
B82: =B29 | E82: =E29 | L82: =ROUNDUP(((SUM(L72:U72)*0.5+V72)),0) | N82: =L82*$L$79
B83: =B30 | E83: =E30 | L83: =ROUNDUP(((SUM(L73:U73)*0.5+V73)),0) | N83: =L83*$L$79
J84: Total = | M84: =SUM(N80:P83)
B85: 1 A warehouse rack system is typically unavailable in small communications/electronics shops. As such, a standard 6 ft. shelf with 1 ft. of storage (7 ft. stacking height) was used. 2 All Non-TE items were assumed to be under the UIC that controls the Supply Warehouse (typically H&S) as there is no way to verify which piece of equipment belongs to each subordinate unit. 3 Universal Loss Factorr per UFC 2-000-05N section 440-2.2.1 Step 1. Palletized Items or items in crates are given a loss factor of 1.2 as they are already "boxed" but the boxes require racking or shelving. 4 Taken from the Consistency Guide analysis, it was determined that a standardized space allocation could be used for the Comm/Elec Shop spaces for each of the Sections within the command/unit. All Sections will have a 600 NSF space allowance unless it is a Maintenance Section that will require 950 NSF. Each bay is sized for approximately 15 PN. These billets are indicated in the TO with: 21710rs (rs = radio section), 21710cs (cs = comm section), 2170ds (ds = data section), 21710ws (ws = wire section), 21710es (es = ELPRS section), and 21710ms (ms = maintenance section). 5 Maintenance Bay size based on size of largest vehicle on TE (26.24x8 FT). A standard 30x16 FT bay is not large enough to accommodate this vehicle. A 4 FT clearance was added to both the front and the rear to accommodate for personnel access.

Sheet 44112
A1: BASIC FACILITY REQUIREMENTS WORKSHEET
A3: Installation: | G3: =UNIT_ROLLUP!F3 | M3: Tenant: | R3: =UNIT_ROLLUP!R3
A4: Installation UIC: | G4: =UNIT_ROLLUP!F4 | M4: Tenant UIC: | R4: =UNIT_ROLLUP!R4 | Y4: Planning Area: | AE4: =UNIT_ROLLUP!AE4
A5: CCN: | C5: 44112 | M5: Nomenclature: | R5: Storage of Air or Ground Organic Units - USMC
A6: LOADING ANALYSIS / JUSTIFICATION OF REQUIREMENT
A7: Description:
B8: Mission: Provide health service support to the III Marine expeditionary force (IIIMEF). CCN: Provides general purpose storage facilities assigned to the 3D MED BN for organic materials. Justification: Organic Supply Storage space is required to provide storage for the equipment for which the command is responsible.
A14: Planning Criteria:
B15: FC 2-000-05N 440 4-step method
B16: NAVFAC Infrastructure Reset BFR Consistency Guide
A17: Loading:
B18: FY2029 Tables of Organization and Equipment
B19: FY2029 Tables of Organization and Equipment, with Surgical Co B (M28262) per CG MCIPAC endorsement 30 Apr 2026 relocating from MCBH Kaneohe Bay to MCB Camp Butler. Surg B inclusion in 44112 calculation pending structural row-add (see Phase C-bis follow-up note).
B20: Interview walkthrough with 3D Medical Battalion, S-4 Logistics OIC and Supply Officer on October 30, 2024.
A21: Analysis:
B22: Total Space Requirement
B23: Subordinate Unit | M23: Admin | P23: Warehouse Space | V23: Support | Y23: Pn Effects | AB23: Total
P24: On TE | S24: Non-TE
B25: M28261 | E25: H&S CO | M25: =V32 | P25: =AB46 | S25: =SUM(Z54:AC55) | V25: =AA64 | Y25: =INDEX($P$69:$P$72,MATCH(B25,$B$69:$B$72,0)) | AB25: =SUM(M25:AA25)
B26: M28263 | E26: SURGICAL CO A | M26: =V33 | P26: =AB47 | V26: =Z62 | Y26: =INDEX($P$69:$P$72,MATCH(B26,$B$69:$B$72,0)) | AB26: =SUM(M26:AA26)
AA27: Total = | AB27: =SUM(AB25:AE26)+AB28
B28: M28262 | E28: SURGICAL CO B | M28: =V35 | P28: =AB49 | V28: =Z62 | Y28: =INDEX($P$69:$P$72,MATCH(B28,$B$69:$B$72,0)) | AB28: =SUM(M28:AA28)
B29: Warehouse Admin Space see attached TO for billet breakdown
B30: Subordinate Unit | M30: Off & ≥ E61 | P30: ≤ E52 | S30: Clerks3 | V30: Total
M31: 120 | P31: 60 | S31: 60
B32: M28261 | E32: H&S CO | M32: =COUNTIFS(TO!C:C,"44112o",TO!F:F,$B$32) | P32: =COUNTIFS(TO!C:C,"44112c",TO!F:F,$B$32) | S32: =COUNTIFS(TO!C:C,"44112w",TO!F:F,$B$32) | V32: =M32*$M$31+P32*$P$31+S32*$S$31
B33: M28263 | E33: SURGICAL CO A | M33: =COUNTIFS(TO!C:C,"44112o",TO!F:F,$B$33) | P33: =COUNTIFS(TO!C:C,"44112c",TO!F:F,$B$33) | S33: =COUNTIFS(TO!C:C,"44112w",TO!F:F,$B$33) | V33: =M33*$M$31+P33*$P$31+S33*$S$31
S34: Total= | V34: =SUM(V32:Y35)
B35: M28262 | E35: SURGICAL CO B | M35: =COUNTIFS(TO!C:C,"44112o",TO!F:F,$B$35) | P35: =COUNTIFS(TO!C:C,"44112c",TO!F:F,$B$35) | S35: =COUNTIFS(TO!C:C,"44112w",TO!F:F,$B$35) | V35: =M35*$M$31+P35*$P$31+S35*$S$31
B36: 1Shown as 44112o (o = office) in TO Note Column. 2Shown as 44112c (c = cubicle) in TO Note Column. 3Shown as 44112w (w = warehouse) in TO Note Column. Assumes 1/3 of the warehouse clerks require a computer station for data entry within the warehouse. The total is calculated in the "Total SF" column and the number of admin spaces is rounded up. Ex. 4 clerks * 1/3 = 1.33 desks. Therefore round up to 2 desks.
A40: TOTAL REQUIREMENT: | H40: =AB27 | L40: SF | AC40: Page | AD40: 1 | AE40: of | AF40: 2
A41: CCN: | C41: =C5 | M41: Nomenclature: | R41: =R5
B43: Warehouse Space TE (4-Step Method of UFC 2-000-05N Section 440-2.2), see attached TE for item breakdown
B44: Subordinate Unit | L44: Net Volume (NV)1 | P44: Gross Vol (NV*1.96) | T44: NSF w/ 12ft SH (CF) | X44: NSF * | AB44: Total SF2
X45: 2.5 | AB45: 1.1
B46: M28261 | E46: H&S CO | L46: =SUMIFS(TE!U:U,TE!D:D,$C$5,TE!G:G,B46,TE!U:U,"<>#N/A") | P46: =1.96*L46 | T46: =P46/12 | X46: =T46*$X$45 | AB46: =X46*$AB$45
B47: M28263 | E47: SURGICAL CO A | L47: =SUMIFS(TE!U:U,TE!D:D,$C$5,TE!G:G,B47,TE!U:U,"<>#N/A") | P47: =1.96*L47 | T47: =P47/12 | X47: =T47*$X$45 | AB47: =X47*$AB$45
Z48: Total = | AB48: =SUM(AB46:AE49)
B49: M28262 | E49: SURGICAL CO B | L49: =SUMIFS(TE!U:U,TE!D:D,$C$5,TE!G:G,B49,TE!U:U,"<>#N/A") | P49: =1.96*L49 | T49: =P49/12 | X49: =T49*$X$45 | AB49: =X49*$AB$45
B51: Warehouse Space for Non-TE Items3
B52: Description | I52: Qty | K52: L, in | M52: W, in | O52: H, in | Q52: Univ Fact4 | S52: Packed Vol CF | V52: NSF w/ 12ft SH | Z52: Gross SF
Z53: 2.5
Y57: Total = | Z57: =SUM(Z54:AC56)
B60: Support Space Headquarters Company only, Engineering Analysis
B61: Function | L61: Length | N61: Width | P61: Area Ea (NSF)5 | T61: Quantity | W61: Area (NSF) | Z61: 1.33
B62: Shipping, Receiving & Staging Area | L62: 80 | N62: 20 | P62: =L62*N62 | T62: 1 | W62: =T62*P62 | AA62: =W62*Z61
Y64: Total = | Z64: =SUM(AA62:AC63)
B67: Personal Effects Cages Engineering Analysis - 1.33 GSF per chargeable and deployable billet
B68: Subordinate Unit | M68: PN | P68: Area
B69: M28261 | E69: H&S CO | M69: =COUNTIFS(TO!AP:AP,"1",TO!F:F,"M28261") | P69: =M69*1.33
B70: M28263 | E70: SURGICAL CO A | M70: =COUNTIFS(TO!AP:AP,"1",TO!F:F,"M28263") | P70: =M70*1.33
B71: Totals = | M71: =SUM(M69:O72) | P71: =SUM(P69:S72)
B72: M28262 | E72: SURGICAL CO B | M72: =COUNTIFS(TO!AP:AP,"1",TO!F:F,"M28262") | P72: =M72*1.33
B73: 1 Each TAMCN on the TE tab with a 44112 in the CCN column is calculated in this table. The net volume was calculated using the organizational quantities shown on the TE and the dimensions listed in TFSMS, in USMC technical manuals, or through field verification. These dimensions are shown on the TE tab. Individual equipment was assumed TE be supported by the LOGCOM Supply Program (IIF) or stored in the Armory. 2 The % factor was applied TE account for consumables and small garrison equipment. 3 All Non-TE items were assumed TE be under the UIC that controls the Supply Warehouse (typically H&S) as there is no way TE verify which piece of equipment belongs TE each subordinate unit. 4 Universal Loss Factorr per UFC 2-000-05N section 440-2.2.1 Step 1. Palletized Items or items in crates are given a loss factor of 1.2 as they are already "boxed" but the boxes require racking or shelving. 5 400 NSF for shipping/receiving is allocated per Headquarters Company based on BFR Consistency Guide.
AC86: Page | AD86: 2 | AE86: of | AF86: 2

Sheet 45110
A1: BASIC FACILITY REQUIREMENTS WORKSHEET
A3: Installation: | F3: MCB Camp Butler | M3: Tenant: | R3: 3d MED BN
A4: Installation UIC: | F4: M67400 | M4: Tenant UIC: | R4: M13020
A5: CCN: | C5: 45110 | M5: Nomenclature: | R5: Open Storage Area
A6: LOADING ANALYSIS / JUSTIFICATION OF REQUIREMENT
A8: Description:
B9: Mission: Provide health service support to the Marine expeditionary force (MEF). CCN: This category group consists of non-covered storage areas, paved or otherwise established, for storage of General Supply Materials. Justification: Open Storage Areas are required by 3d MED BN to provide laydown area for shipping containers and other items not required to be stored indoors.
A16: Planning Criteria:
B17: UFC 2-000-05N
B18: NAVFAC Infrastructure Reset BFR Consistency Guide
A19: Loading:
B20: FY2025 Table of Organization & Equipment (attached)
A22: Analysis:
B23: Total Space Requirement
B24: Shipping Containers | G24: Additional Storage | M24: Total
B25: =R32*0.11111 | G25: =AA46*0.11111 | M25: =SUM(B25:K25)
B27: Summary of Shipping Container Space Requirement
B28: ITEM | F28: Total Stacks1 | J28: NSF per Stack | N28: Total NSF | R28: 2.5
B29: PALCON | F29: =M42 | J29: 13.34 | N29: =F29*J29 | R29: =N29*R28
B30: QUADCON | F30: =Q42 | J30: 38 | N30: =F30*J30 | R30: =N30*R28
B31: JMIC | F31: =U42 | J31: 16 | N31: =F31*J31 | R31: =N31*R28
R32: =SUM(R29:T31)
B33: Calculation of Outdoor Shipping Container Stacks
B34: Subordinate Unit | M34: PALCON | Q34: QUADCON | U34: JMIC
M35: (none) | Q35: (none) | U35: C00772EA
B36: M28261 | E36: H&S CO | M36: =SUMIFS(TE!O:O,TE!I:I,'45110'!$M$35,TE!G:G,B36,TE!D:D,$C$5) | Q36: =SUMIFS(TE!O:O,TE!I:I,'45110'!$Q$35,TE!G:G,B36,TE!D:D,$C$5) | U36: =SUMIFS(TE!O:O,TE!I:I,'45110'!$U$35,TE!G:G,B36,TE!D:D,$C$5)
B37: M28263 | E37: SURGICAL CO A | M37: =SUMIFS(TE!O:O,TE!I:I,'45110'!$M$35,TE!G:G,B37,TE!D:D,$C$5) | Q37: =SUMIFS(TE!O:O,TE!I:I,'45110'!$Q$35,TE!G:G,B37,TE!D:D,$C$5) | U37: =SUMIFS(TE!O:O,TE!I:I,'45110'!$U$35,TE!G:G,B37,TE!D:D,$C$5)
B38: M28262 | E38: SURGICAL CO B | M38: =SUMIFS(TE!O:O,TE!I:I,'45110'!$M$35,TE!G:G,B38,TE!D:D,$C$5) | Q38: =SUMIFS(TE!O:O,TE!I:I,'45110'!$Q$35,TE!G:G,B38,TE!D:D,$C$5) | U38: =SUMIFS(TE!O:O,TE!I:I,'45110'!$U$35,TE!G:G,B38,TE!D:D,$C$5)
L41: Total Containers2 = | M41: =SUM(M36:P40) | Q41: =SUM(Q36:T40) | U41: =SUM(U36:X40)
L42: Total Stacks1 = | M42: =ROUNDUP((M41/2),0) | Q42: =ROUNDUP((Q41/2),0) | U42: =ROUNDUP((U41/2),0)
B44: Additional Storage Requirements
B45: Function | L45: Length | N45: Width | P45: Area Ea (NSF) | T45: Quantity | W45: Area (NSF) | AA45: 2.5
AA46: =$AA$55*W46
B48: 1 All shipping containers can be stacked two high when stored outside. 2 Numbers below reflect the actual units located in 45110 minus the numbers being stored in 44112.
A50: TOTAL REQUIREMENT: | H50: =M25 | L50: SY

Sheet 61072
A1: BASIC FACILITY REQUIREMENTS WORKSHEET
A3: Installation: | G3: =UNIT_ROLLUP!F3 | M3: Tenant: | R3: =UNIT_ROLLUP!R3
A4: Installation UIC: | G4: =UNIT_ROLLUP!F4 | M4: Tenant UIC: | R4: =UNIT_ROLLUP!R4 | Y4: Planning Area: | AE4: =UNIT_ROLLUP!AE4
A5: CCN: | C5: 61072 | M5: Nomenclature: | R5: Battalion /Squadron Headquarters, Marine Corps
A6: LOADING ANALYSIS / JUSTIFICATION OF REQUIREMENT
A7: Description:
B8: Mission: Provide health service support to the III Marine expeditionary force (IIIMEF). CCN: Provides the necessary administrative space to conduct the day-to-day operations of a company or battery sized unit requiring separate administrative facilities. Justification: Company/Battery Headquarters space is required to accommodate personnel whose billet is primarily administrative in nature.
A15: Planning Criteria:
B16: FC 2-000-05N
A18: Loading:
B19: FY2029 Table of Organization
B20: M28262 Surgical Company B per CG MCIPAC endorsement 30 Apr 2026 relocating from MCBH Kaneohe Bay to MCB Camp Butler; included in this BFR Calculation.
B21: NAVFAC Infrastructure Reset BFR Consistency Guide
B22: Interview walkthrough with 3D Medical Battalion, S-4 Logistics OIC on October 30, 2024.
A23: Analysis:
B24: Battalion HQ Admin Space see attached TO for billet breakdown
B25: Subordinate Unit | M25: PN | P25: Area | U25: GSF per PN | Y25: 162.5
B26: M28261 | E26: H&S CO | M26: =COUNTIFS(TO!D:D,"61072",TO!F:F,$B$26) | P26: =M26*$Y$25
B27: M28263 | E27: SURG CO A | M27: =COUNTIFS(TO!D:D,"61072",TO!F:F,$B$27) | P27: =M27*$Y$25
B28: M28262 | E28: SURG CO B | M28: =COUNTIFS(TO!D:D,"61072",TO!F:F,$B$28) | P28: =M28*$Y$25
B30: Totals = | M30: =SUM(M26:O29) | P30: =SUM(P26:S29)
A40: TOTAL REQUIREMENT: | H40: =P30 | L40: SF | AC40: Page | AD40: 1 | AE40: of | AF40: 1

Sheet 61073
A1: BASIC FACILITY REQUIREMENTS WORKSHEET
A3: Installation: | G3: =UNIT_ROLLUP!F3 | M3: Tenant: | R3: =UNIT_ROLLUP!R3
A4: Installation UIC: | G4: =UNIT_ROLLUP!F4 | M4: Tenant UIC: | R4: =UNIT_ROLLUP!R4 | Y4: Planning Area: | AE4: =UNIT_ROLLUP!AE4
A5: CCN: | C5: 61073 | M5: Nomenclature: | R5: Company/Battery Headquarters, Marine Corps
A9: Please see CCN 61072 BFR calculation. The space requirement for a CCN 61073 Company/Battery Headquarters has been rolled up to the CCN 61072 Battalion/Squadron Headquarters.
A40: TOTAL REQUIREMENT: | H40: =COUNTIFS(TO!C:C,"61073o",TO!F:F,"M28261")*162.5+COUNTIFS(TO!C:C,"61073c",TO!F:F,"M28261")*162.5+COUNTIFS(TO!C:C,"61073o",TO!F:F,"M28263")*162.5+COUNTIFS(TO!C:C,"61073c",TO!F:F,"M28263")*162.5+COUNTIFS(TO!C:C,"61073o",TO!F:F,"M28262")*162.5+COUNTIFS(TO!C:C,"61073c",TO!F:F,"M28262")*162.5 | L40: GSF | AC40: Page | AD40: 1 | AE40: of | AF40: 1
