Workbook

Sheet UNIT_ROLLUP
A1: BASIC FACILITY REQUIREMENTS UNIT ROLLUP
A3: Installation: | F3: MCB CAMP BUTLER | M3: Tenant: | R3: CLB 4
A4: Installation UIC: | F4: M67400 | M4: Tenant UIC: | R4: M29030 | Y4: Planning Area: SW
B8: CCN | C8: Description | D8: UM | E8: Total
B9: 143 45 | C9: ARMORY | D9: GSF | E9: ='14345'!H37
B10: 214 51 | C10: AUTO ORGANIZATIONAL SHOP | D10: GSF | E10: ='21451'!H37
B11: 214 55 | C11: VEHICLE WASH PLATFORM | D11: GSF | E11: ='21455'!H37
B12: 610 72 | C12: BATTLN SQUADRN HQ (MARCOR) | D12: GSF | E12: ='61072'!H37
B13: 143 12 | C13: OPRTNL VEHICLE LAYDWN AREA | D13: GSY | E13: ='14312'!H37
B14: 143 26 | C14: MARINE CORPS EOD PLATOON | D14: GSF | E14: ='14326'!H37
B15: 217 10 | C15: ELECNX/COMMS MAINT SHOP | D15: GSF | E15: ='21710'!H37
B16: 217 30 | C16: FLD MAINT SHOP(ELEC/COMMS) | D16: GSF | E16: ='21730'!H37
B17: 441 12 | C17: STG AIR/GRD ORG UTS MARCOR | D17: GSF | E17: ='44112'!H37
B18: 451 10 | C18: OPEN STORAGE AREA | D18: GSY | E18: ='45110'!H37
B20: GRAND TOTAL | E20: =SUM(E9:E18)

Sheet TO
B6: LINE | C6: NOTE | D6: CCN | E6: CCN Description | F6: UIC | G6: Rec CD | H6: BIC | I6: Billet Description | J6: Alpha Grade | K6: BMOS | L6: PMOS

Sheet TE
B4: ROW | C4: NOTE | D4: CCN | E4: CCN Description | F4: CCN 21451 Equipment Type | G4: UIC | H4: TAMCN Short | I4: TAMCN | J4: Nomenclature | K4: TAM Stat | L4: U/I | M4: Rdy | N4: Ind Qty | O4: Org Qty | P4: Unit T/E | Q4: L, Ft | R4: W, Ft | S4: H, Ft | T4: Volume Ea | U4: Volume Total

Sheet 14345
A1: BASIC FACILITY REQUIREMENTS WORKSHEET
A3: Installation: | F3: MCB CAMP BUTLER | M3: Tenant: | R3: CLB 4
A4: Installation UIC: | F4: M67400 | M4: Tenant UIC: | R4: M29030 | Y4: Planning Area: SW
A5: CCN: | C5: 143 45 | M5: Nomenclature: | R5: ARMORY
A6: SPACE REQUIREMENT ANALYSIS , CCN 143 45 , FC 2-000-05N (Series 100, 11 Feb 2026)
A7: Sensitive Item Category (Primary Items, all four companies) | V7: GSF / Item | Y7: Count | AB7: GSF
A8: Night Vision Devices (AN/PVS-14, AN/PVS-31D) | V8: 1.25 | Y8: 237 | AB8: =V8*Y8
A9: Machine Guns (M240B, MK19 MOD 3) | V9: 1.25 | Y9: 14 | AB9: =V9*Y9
A10: Rifles, Carbines, and Shotguns | V10: 1.25 | Y10: 19 | AB10: =V10*Y10
A11: Grenade Launchers (M320A1) | V11: 1.25 | Y11: 4 | AB11: =V11*Y11
A12: Thermal Sights (AN/PAS-13D) | V12: 1.25 | Y12: 4 | AB12: =V12*Y12
A13: Other Sensitive Items (Optics, Accessories, Spares) | V13: 1.25 | Y13: 52 | AB13: =V13*Y13
A15: Total Sensitive Items, Total NSF | AB15: =SUM(AB8:AB13)
A16: Required GSF = ROUNDUP(Total NSF, 0) | AB16: =ROUNDUP(AB15,0)
A37: TOTAL REQUIREMENT: | H37: =AB16 | O37: GSF

Sheet 21451
A1: BASIC FACILITY REQUIREMENTS WORKSHEET
A3: Installation: | F3: MCB CAMP BUTLER | M3: Tenant: | R3: CLB 4
A4: Installation UIC: | F4: M67400 | M4: Tenant UIC: | R4: M29030 | Y4: Planning Area: SW
A5: CCN: | C5: 214 51 | M5: Nomenclature: | R5: AUTO ORGANIZATIONAL SHOP
A6: SPACE REQUIREMENT ANALYSIS , CCN 214 51 , FC 2-000-05N (Series 100, 11 Feb 2026)
A7: SECTION 1 - ADMINISTRATIVE SPACE
A8: Personnel Category | V8: SF / Person | Y8: Count | AB8: NSF
A9: Officers, Private Offices (Platoon Commanders) | V9: 120 | Y9: 2 | AB9: =V9*Y9
A10: SNCOs and Staff, Cubicles | V10: 60 | Y10: 11 | AB10: =V10*Y10
A11: Administrative Subtotal | AB11: =SUM(AB9:AB10)
A13: SECTION 2 - MAINTENANCE BAYS
A14: Vehicle Category | V14: SF / Bay | Y14: Qty | AB14: NSF
A15: Light Utility Vehicles (JLTV-class M1280, M1279) | V15: 420 | Y15: 33
A16: Medium / Heavy Cargo (AMK23A1, AMK27A1) | V16: 420 | Y16: 23
A17: Wrecker / Recovery (AMK36) | V17: 420 | Y17: 3
A18: Total Self-Propelled Vehicles | CEILING(total / 30) bays | Y18: =SUM(Y15:Y17)
A19: Maintenance Bays (CEILING bays per 30 vehicles) | V19: 420 | Y19: =CEILING(Y18/30,1) | AB19: =V19*Y19
A20: Maintenance Bays Subtotal | AB20: =AB19
A22: TOTAL SPACE REQUIREMENT
A23: Total NSF (Administrative + Maintenance Bays) | AB23: =AB11+AB20
A24: NTG Factor = 1.33, Required GSF = ROUNDUP(NSF * NTG, 0) | V24: 1.33 | AB24: =ROUNDUP(AB23*V24,0)
A37: TOTAL REQUIREMENT: | H37: =AB24 | O37: GSF

Sheet 21455
A1: BASIC FACILITY REQUIREMENTS WORKSHEET
A3: Installation: | F3: MCB CAMP BUTLER | M3: Tenant: | R3: CLB 4
A4: Installation UIC: | F4: M67400 | M4: Tenant UIC: | R4: M29030 | Y4: Planning Area: SW
A5: CCN: | C5: 214 55 | M5: Nomenclature: | R5: VEHICLE WASH PLATFORM
A6: SPACE REQUIREMENT ANALYSIS , CCN 214 55 , FC 2-000-05N (Series 100, 11 Feb 2026)
A7: VEHICLE WASH PLATFORM (Loading driver: Vehicle wash spaces) | V7: Factor | Y7: Count | AB7: GSF
A8: Primary loading row | V8: 1 | Y8: 84 | AB8: =V8*Y8*1.0
AB9: =V9*Y9*1.0
AB10: =V10*Y10*1.0
AB11: =V11*Y11*1.0
AB12: =V12*Y12*1.0
AB13: =V13*Y13*1.0
A15: Subtotal NSF | AB15: =SUM(AB8:AF13)
A16: Net to Gross multiplier (NTG = 1.0) | AB16: =AB15*1
A37: TOTAL REQUIREMENT: | H37: =AB16 | O37: GSF

Sheet 61072
A1: BASIC FACILITY REQUIREMENTS WORKSHEET
A3: Installation: | F3: MCB CAMP BUTLER | M3: Tenant: | R3: CLB 4
A4: Installation UIC: | F4: M67400 | M4: Tenant UIC: | R4: M29030 | Y4: Planning Area: SW
A5: CCN: | C5: 610 72 | M5: Nomenclature: | R5: BATTLN SQUADRN HQ (MARCOR)
A6: SPACE REQUIREMENT ANALYSIS , CCN 610 72 , FC 2-000-05N (Series 100, 11 Feb 2026)
A7: BILLETS EXCLUDED FROM THIS CCN (require separate facility CCNs)
A8: Medical / BAS billets (34), medical facility CCN required
A9: EOD Section billets (13), EOD facility CCN required
A10: Specialist shop billets (99), maintenance shop CCN(s) required
A11: Ordnance repair billets (10), ordnance shop CCN required
A13: ADMINISTRATIVE SPACE CALCULATION
A14: Space Type | V14: SF / Person | Y14: Count | AB14: NSF
A15: Private Offices (CO, XO, CSE, Chaplain, S-Staff Officers) | V15: 120 | Y15: 21 | AB15: =V15*Y15
A16: Cubicles (S-Staff NCOs, Company Admin, Supply, Ops) | V16: 60 | Y16: 63 | AB16: =V16*Y16
A17: Total NSF | AB17: =SUM(AB15:AB16)
A19: TOTAL SPACE REQUIREMENT
A20: NTG Factor = 1.33, Required GSF = ROUNDUP(NSF * NTG, 0) | V20: 1.33 | AB20: =ROUNDUP(AB17*V20,0)
A37: TOTAL REQUIREMENT: | H37: =AB20 | O37: GSF

Sheet 14312
A1: BASIC FACILITY REQUIREMENTS WORKSHEET
A3: Installation: | F3: MCB CAMP BUTLER | M3: Tenant: | R3: CLB 4
A4: Installation UIC: | F4: M67400 | M4: Tenant UIC: | R4: M29030 | Y4: Planning Area: SW
A5: CCN: | C5: 143 12 | M5: Nomenclature: | R5: OPRTNL VEHICLE LAYDWN AREA
A6: SPACE REQUIREMENT ANALYSIS , CCN 143 12 , FC 2-000-05N (Series 100, 11 Feb 2026)
A7: OPRTNL VEHICLE LAYDWN AREA (Loading driver: Vehicle laydown areas) | V7: Factor | Y7: Count | AB7: GSY
A8: Primary loading row | V8: 1 | Y8: 84 | AB8: =V8*Y8*1.0
AB9: =V9*Y9*1.0
AB10: =V10*Y10*1.0
AB11: =V11*Y11*1.0
AB12: =V12*Y12*1.0
AB13: =V13*Y13*1.0
A15: Subtotal NSF | AB15: =SUM(AB8:AF13)
A16: Net to Gross multiplier (NTG = 1.0) | AB16: =AB15*1
A37: TOTAL REQUIREMENT: | H37: =AB16 | O37: GSY

Sheet 14326
A1: BASIC FACILITY REQUIREMENTS WORKSHEET
A3: Installation: | F3: MCB CAMP BUTLER | M3: Tenant: | R3: CLB 4
A4: Installation UIC: | F4: M67400 | M4: Tenant UIC: | R4: M29030 | Y4: Planning Area: SW
A5: CCN: | C5: 143 26 | M5: Nomenclature: | R5: MARINE CORPS EOD PLATOON
A6: SPACE REQUIREMENT ANALYSIS , CCN 143 26 , FC 2-000-05N (Series 100, 11 Feb 2026)
A7: ADMINISTRATIVE SPACE CALCULATION
A8: EOD Personnel Space | V8: SF / Person | Y8: Count | AB8: NSF
A9: EOD Officers, Private Offices | V9: 120 | Y9: 2 | AB9: =V9*Y9
A10: EOD Enlisted, Workspace | V10: 60 | Y10: 11 | AB10: =V10*Y10
A11: Total NSF | AB11: =SUM(AB9:AB10)
A13: TOTAL SPACE REQUIREMENT
A14: NTG Factor = 1.33, Required GSF = ROUNDUP(NSF * NTG, 0) | V14: 1.33 | AB14: =ROUNDUP(AB11*V14,0)
A37: TOTAL REQUIREMENT: | H37: =AB14 | O37: GSF

Sheet 21710
A1: BASIC FACILITY REQUIREMENTS WORKSHEET
A3: Installation: | F3: MCB CAMP BUTLER | M3: Tenant: | R3: CLB 4
A4: Installation UIC: | F4: M67400 | M4: Tenant UIC: | R4: M29030 | Y4: Planning Area: SW
A5: CCN: | C5: 217 10 | M5: Nomenclature: | R5: ELECNX/COMMS MAINT SHOP
A6: SPACE REQUIREMENT ANALYSIS , CCN 217 10 , FC 2-000-05N (Series 100, 11 Feb 2026)
A7: SECTION 1 - ADMINISTRATIVE SPACE
A8: Personnel Category | V8: SF / Person | Y8: Count | AB8: NSF
A9: Comm Maint Officers | V9: 120 | Y9: 2 | AB9: =V9*Y9
A10: Comm Maint Enlisted | V10: 60 | Y10: 30 | AB10: =V10*Y10
A11: Administrative Subtotal | AB11: =SUM(AB9:AB10)
A13: SECTION 2 - MAINTENANCE BAYS
A14: Vehicle Category | V14: SF / Bay | Y14: Qty | AB14: NSF
A15: Comm vehicles (radio shelters) | V15: 420 | Y15: 12
Y16: 0
Y17: 0
A18: Total Self-Propelled Vehicles | CEILING(total / 15) bays | Y18: =SUM(Y15:Y17)
A19: Maintenance Bays (CEILING bays per 15 vehicles) | V19: 420 | Y19: =CEILING(Y18/15,1) | AB19: =V19*Y19
A20: Maintenance Bays Subtotal | AB20: =AB19
A22: TOTAL SPACE REQUIREMENT
A23: Total NSF (Administrative + Maintenance Bays) | AB23: =AB11+AB20
A24: NTG Factor = 1.33, Required GSF = ROUNDUP(NSF * NTG, 0) | V24: 1.33 | AB24: =ROUNDUP(AB23*V24,0)
A37: TOTAL REQUIREMENT: | H37: =AB24 | O37: GSF

Sheet 21730
A1: BASIC FACILITY REQUIREMENTS WORKSHEET
A3: Installation: | F3: MCB CAMP BUTLER | M3: Tenant: | R3: CLB 4
A4: Installation UIC: | F4: M67400 | M4: Tenant UIC: | R4: M29030 | Y4: Planning Area: SW
A5: CCN: | C5: 217 30 | M5: Nomenclature: | R5: FLD MAINT SHOP(ELEC/COMMS)
A6: SPACE REQUIREMENT ANALYSIS , CCN 217 30 , FC 2-000-05N (Series 100, 11 Feb 2026)
A7: SECTION 1 - ADMINISTRATIVE SPACE
A8: Personnel Category | V8: SF / Person | Y8: Count | AB8: NSF
A9: Field Maint Officers | V9: 120 | Y9: 2 | AB9: =V9*Y9
A10: Field Maint Enlisted | V10: 60 | Y10: 33 | AB10: =V10*Y10
A11: Administrative Subtotal | AB11: =SUM(AB9:AB10)
A13: SECTION 2 - MAINTENANCE BAYS
A14: Vehicle Category | V14: SF / Bay | Y14: Qty | AB14: NSF
A15: Field maintenance vehicles | V15: 420 | Y15: 18
Y16: 0
Y17: 0
A18: Total Self-Propelled Vehicles | CEILING(total / 15) bays | Y18: =SUM(Y15:Y17)
A19: Maintenance Bays (CEILING bays per 15 vehicles) | V19: 420 | Y19: =CEILING(Y18/15,1) | AB19: =V19*Y19
A20: Maintenance Bays Subtotal | AB20: =AB19
A22: TOTAL SPACE REQUIREMENT
A23: Total NSF (Administrative + Maintenance Bays) | AB23: =AB11+AB20
A24: NTG Factor = 1.33, Required GSF = ROUNDUP(NSF * NTG, 0) | V24: 1.33 | AB24: =ROUNDUP(AB23*V24,0)
A37: TOTAL REQUIREMENT: | H37: =AB24 | O37: GSF

Sheet 44112
A1: BASIC FACILITY REQUIREMENTS WORKSHEET
A3: Installation: | F3: MCB CAMP BUTLER | M3: Tenant: | R3: CLB 4
A4: Installation UIC: | F4: M67400 | M4: Tenant UIC: | R4: M29030 | Y4: Planning Area: SW
A5: CCN: | C5: 441 12 | M5: Nomenclature: | R5: STG AIR/GRD ORG UTS MARCOR
A6: SPACE REQUIREMENT ANALYSIS , CCN 441 12 , FC 2-000-05N (Series 100, 11 Feb 2026)
A7: STG AIR/GRD ORG UTS MARCOR (Loading driver: Storage personnel) | V7: Factor | Y7: Count | AB7: GSF
A8: Primary loading row | V8: 60 | Y8: 84 | AB8: =V8*Y8*1.33
AB9: =V9*Y9*1.33
AB10: =V10*Y10*1.33
AB11: =V11*Y11*1.33
AB12: =V12*Y12*1.33
AB13: =V13*Y13*1.33
A15: Subtotal NSF | AB15: =SUM(AB8:AF13)
A16: Net to Gross multiplier (NTG = 1.33) | AB16: =AB15*1
A37: TOTAL REQUIREMENT: | H37: =AB16 | O37: GSF

Sheet 45110
A1: BASIC FACILITY REQUIREMENTS WORKSHEET
A3: Installation: | F3: MCB CAMP BUTLER | M3: Tenant: | R3: CLB 4
A4: Installation UIC: | F4: M67400 | M4: Tenant UIC: | R4: M29030 | Y4: Planning Area: SW
A5: CCN: | C5: 451 10 | M5: Nomenclature: | R5: OPEN STORAGE AREA
A6: SPACE REQUIREMENT ANALYSIS , CCN 451 10 , FC 2-000-05N (Series 100, 11 Feb 2026)
A7: OPEN STORAGE AREA (Loading driver: Open storage area) | V7: Factor | Y7: Count | AB7: GSY
A8: Primary loading row | V8: 1 | Y8: 84 | AB8: =V8*Y8*1.0
AB9: =V9*Y9*1.0
AB10: =V10*Y10*1.0
AB11: =V11*Y11*1.0
AB12: =V12*Y12*1.0
AB13: =V13*Y13*1.0
A15: Subtotal NSF | AB15: =SUM(AB8:AF13)
A16: Net to Gross multiplier (NTG = 1.0) | AB16: =AB15*1
A37: TOTAL REQUIREMENT: | H37: =AB16 | O37: GSY
